ID,gender,age,income,education,Status,Num_family,Num_child,Num_old,Household_income,House_ownership,Num_cooling_AC,Num_month_cooling,Cool_hr_weekday,Cool_hr_weekend,Temp_summer_day,Temp_summer_night
1,1,2,3,9,1,1,0,0,1,0,1,4,15,21,1,1
2,1,2,3,9,1,1,0,0,1,0,0,0,0,0,0,0
3,0,4,7,9,2,2,0,0,7,1,1,5,21,21,2,1
4,0,3,5,9,2,5,0,2,5,1,1,2,1.5,1.5,1,1
5,1,3,6,9,2,3,1,0,3,1,2,4,4.5,9,1,1
6,0,3,6,9,2,3,1,1,3,1,1,4,15,15,2,2
7,0,3,1,9,1,1,0,0,1,0,1,3,9,21,1,1
8,1,3,2,9,1,1,0,0,1,0,1,5,9,9,1,1
9,0,3,7,9,2,1,0,0,2,0,1,4,4.5,4.5,3,2
11,0,2,2,9,1,1,0,0,1,0,1,2,9,9,4,3
12,1,3,7,9,2,1,0,0,4,0,1,5,4.5,9,1,1
13,0,4,6,9,2,5,1,3,2,0,1,3,1.5,4.5,2,2
16,1,3,7,7,2,1,0,0,2,0,1,4,1.5,21,1,1
18,0,3,5,9,2,1,0,0,2,0,1,5,4.5,9,1,1
19,0,3,6,9,2,2,0,0,3,0,2,4,9,15,1,1
20,0,4,7,9,2,5,1,2,4,0,4,3,4.5,9,1,1
21,1,3,4,9,1,1,0,0,1,0,1,4,4.5,4.5,1,1
22,1,3,7,7,2,3,1,1,3,0,1,2,1.5,1.5,1,2
23,0,3,1,9,1,2,0,0,1,0,3,4,9,15,2,2
24,1,2,1,9,1,1,0,0,1,0,1,3,9,15,3,2
25,0,2,4,9,1,1,0,0,3,0,1,5,4.5,15,2,2
26,0,2,1,9,1,2,1,1,3,1,3,3,1.5,4.5,4,3
28,0,3,7,9,2,1,0,0,3,0,1,2,9,21,1,1
29,0,3,5,7,2,1,0,0,5,0,2,3,9,9,2,1
30,1,3,1,9,1,1,0,0,1,0,1,4,4.5,4.5,1,1
31,1,2,1,7,1,5,0,1,2,1,2,3,4.5,4.5,5,3
32,1,2,5,9,2,6,0,0,6,0,4,5,21,21,3,3
33,0,3,7,9,2,1,0,0,4,0,2,2,1.5,9,1,1
34,0,3,6,9,2,6,0,0,6,0,2,4,1.5,4.5,3,3
35,0,2,1,7,1,1,0,0,1,0,1,3,4.5,21,1,1
37,0,4,7,7,2,2,0,1,6,1,1,2,1.5,4.5,1,1
38,0,3,4,9,2,1,0,0,2,0,1,4,1.5,4.5,3,3
39,1,2,2,7,2,2,0,0,2,0,4,2,4.5,15,2,1
41,1,3,4,9,2,1,0,0,1,0,1,4,21,21,2,3
42,0,2,1,9,1,1,0,0,1,0,1,4,4.5,9,1,1
43,0,2,1,9,1,3,0,1,3,1,1,4,4.5,4.5,6,6
44,1,2,1,6,2,1,0,0,5,1,0,0,0,0,0,0
46,0,3,1,9,1,2,0,0,1,1,1,5,9,15,2,2
47,1,2,3,9,1,3,0,0,4,1,2,2,1.5,1.5,2,2
48,0,3,4,9,2,2,0,0,3,0,1,5,1.5,4.5,5,6
49,0,2,3,7,1,1,0,0,7,0,2,5,4.5,9,4,4
50,1,3,1,9,1,1,0,0,1,0,1,5,1.5,4.5,4,3
51,0,2,2,9,1,1,0,0,3,0,1,4,9,9,1,1
52,1,3,6,9,2,1,0,0,7,0,1,3,15,15,2,2
53,1,3,2,6,2,3,0,0,5,0,3,5,1.5,1.5,5,5
54,0,3,6,9,2,1,0,0,2,0,1,3,1.5,4.5,1,1
55,0,2,1,9,1,1,0,0,1,0,1,5,4.5,15,1,1
56,0,3,6,9,2,3,1,0,4,1,3,4,4.5,9,1,1
57,0,3,7,9,2,1,0,0,4,0,1,4,1.5,1.5,1,1
58,0,3,5,9,2,1,0,2,2,1,1,3,1.5,4.5,1,1
59,1,3,7,9,2,1,0,0,7,1,3,1,1.5,1.5,3,2
60,1,3,7,9,2,2,0,0,3,0,1,2,1.5,15,4,3
61,0,3,6,7,2,4,1,2,4,0,2,5,15,15,1,2
63,0,3,6,7,2,1,0,0,2,0,1,3,4.5,9,1,1
65,0,2,6,9,2,1,0,0,3,1,1,5,4.5,15,2,3
66,0,3,6,9,2,1,0,0,2,0,2,2,1.5,4.5,2,1
67,1,3,5,9,2,4,1,1,4,0,2,4,1.5,4.5,2,1
68,0,2,1,9,1,2,0,0,2,1,2,3,4.5,4.5,4,4
69,0,3,5,9,2,1,0,0,2,0,1,4,9,21,3,3
70,0,3,6,9,2,2,0,0,5,0,1,3,4.5,9,1,1
71,0,2,3,7,1,1,0,0,1,0,1,3,1.5,1.5,2,1
72,0,3,4,9,2,1,0,0,2,0,1,4,1.5,1.5,1,1
73,1,3,7,7,2,1,0,0,4,0,1,4,1.5,9,2,1
74,1,3,2,9,1,2,0,0,1,0,1,5,1.5,9,2,1
75,0,3,7,9,2,4,1,1,4,1,3,2,4.5,9,2,1
76,1,3,5,7,2,1,0,0,2,1,2,5,1.5,9,3,3
77,0,4,7,9,2,3,1,0,7,1,4,4,1.5,4.5,1,1
78,0,3,2,9,1,1,0,0,1,0,1,4,4.5,9,3,3
79,0,3,1,9,1,1,0,0,1,0,1,2,1.5,1.5,2,1
80,1,3,2,9,1,1,0,0,1,0,3,4,4.5,9,1,1
81,0,3,6,9,2,4,0,1,4,0,3,6,4.5,9,3,3
82,1,2,1,9,1,1,0,0,1,0,1,3,4.5,4.5,1,5
84,1,2,4,7,2,1,0,0,1,0,1,4,1.5,9,2,2
85,1,2,7,9,1,5,0,1,7,1,2,2,9,9,4,4
86,1,2,7,9,2,2,0,0,4,0,1,4,4.5,9,3,3
87,0,2,7,9,2,3,0,0,6,1,3,3,1.5,1.5,4,4
88,0,3,6,9,2,6,2,2,5,1,3,3,4.5,9,4,2
89,1,3,1,9,1,1,0,0,1,0,1,3,4.5,9,3,3
90,0,4,6,7,2,2,1,0,4,0,2,2,1.5,1.5,1,1
91,0,3,6,9,2,3,0,1,2,0,1,3,1.5,1.5,1,1
92,0,2,1,7,1,4,1,0,5,1,4,4,1.5,4.5,5,5
93,0,3,6,9,2,1,0,0,2,0,1,4,1.5,1.5,2,3
94,0,3,5,9,2,1,0,0,2,0,1,3,1.5,4.5,1,1
95,1,3,1,9,1,3,0,0,7,1,4,3,4.5,9,1,1
96,0,3,2,9,1,1,0,0,1,0,1,6,1.5,4.5,4,4
98,0,5,7,9,2,3,1,0,6,0,2,2,4.5,1.5,3,4
99,0,2,1,9,1,1,0,0,1,0,1,4,4.5,9,1,1
101,0,3,7,9,2,2,0,0,4,0,1,2,1.5,1.5,1,1
102,1,3,6,9,2,1,0,0,2,0,1,3,4.5,9,1,1
103,0,3,3,9,2,1,0,0,1,0,4,3,4.5,4.5,1,1
104,0,2,5,7,2,2,0,0,3,0,1,4,4.5,21,1,1
105,0,5,4,9,4,2,0,2,4,0,1,2,1.5,1.5,2,2
106,1,4,7,9,2,3,1,2,4,1,2,4,4.5,9,1,1
107,0,3,1,9,1,3,0,1,4,1,2,3,9,9,3,3
108,1,2,3,9,1,1,0,0,1,0,1,3,9,15,3,2
109,0,2,2,9,1,1,0,0,1,0,1,4,1.5,4.5,1,1
110,0,3,1,9,1,1,0,0,1,0,1,3,4.5,4.5,2,1
111,1,4,7,7,2,1,0,0,3,0,1,3,4.5,9,2,1
112,1,3,5,7,2,2,0,0,3,0,3,4,4.5,9,1,2
113,1,3,7,9,2,1,0,1,5,0,1,4,1.5,9,2,3
114,0,3,7,7,2,3,0,1,3,0,3,5,9,21,2,2
115,0,3,6,9,2,1,1,2,3,0,3,4,4.5,4.5,1,1
116,0,3,6,7,2,1,0,0,1,0,1,4,4.5,9,3,3
117,0,3,1,9,1,3,0,0,4,1,1,4,9,9,2,2
120,1,2,3,9,2,3,0,0,3,0,1,3,1.5,9,3,3
121,1,2,4,7,2,3,0,0,2,1,1,3,4.5,4.5,3,1
122,1,2,1,9,1,3,0,0,2,1,2,4,1.5,1.5,4,4
123,1,2,1,9,1,1,0,0,1,0,1,4,4.5,9,1,1
124,0,3,1,7,2,1,1,1,1,0,1,3,1.5,4.5,6,4
125,0,2,1,7,1,1,0,0,1,0,3,3,4.5,15,2,1
126,1,3,7,9,2,4,1,2,5,1,3,3,9,15,1,1
127,1,4,6,9,2,5,1,2,4,1,2,4,1.5,4.5,1,1
128,0,3,7,9,2,5,1,2,5,1,4,3,9,15,1,1
129,1,3,7,9,2,1,0,0,3,0,1,4,4.5,9,1,1
130,1,3,3,9,1,1,0,0,1,0,1,4,9,9,4,4
131,1,3,3,9,2,1,0,0,2,0,1,3,9,15,2,2
132,1,2,7,9,2,3,0,0,3,1,3,2,1.5,1.5,3,3
133,1,2,1,7,1,3,0,0,1,1,1,2,1.5,1.5,5,4
134,0,2,1,7,1,1,0,0,1,0,1,5,4.5,9,1,1
135,0,2,1,9,1,1,0,0,1,0,1,5,1.5,4.5,2,2
136,0,2,6,7,2,1,0,0,3,0,1,4,9,15,3,2
137,1,2,2,9,1,6,0,1,1,0,0,0,0,0,0,0
138,1,2,3,9,1,1,0,0,1,0,0,0,0,0,0,0
139,1,2,5,7,2,1,0,0,2,0,1,4,4.5,9,2,2
140,1,3,4,5,2,3,0,0,3,1,2,5,15,15,2,3
141,1,3,4,5,2,3,0,0,2,1,2,5,9,9,4,3
142,1,2,1,7,1,3,1,0,2,0,2,7,9,4.5,5,4
143,1,3,6,9,2,1,0,0,4,0,0,0,0,0,0,0
145,1,2,2,7,1,1,0,0,1,0,1,4,1.5,9,2,1
147,1,3,5,5,2,3,0,0,2,1,2,4,9,9,4,4
149,1,3,3,7,2,3,1,0,3,1,3,4,4.5,9,5,4
151,0,2,4,6,2,1,0,0,2,0,1,3,1.5,9,1,1
152,1,3,7,7,2,3,0,1,5,0,3,5,4.5,15,4,4
153,1,3,6,9,2,2,0,0,3,1,2,3,1.5,1.5,2,2
155,0,3,6,6,2,3,1,0,2,1,1,5,1.5,4.5,6,5
156,1,3,3,7,2,3,1,0,3,0,3,4,9,9,4,3
160,1,2,4,7,2,1,1,0,1,0,1,4,1.5,1.5,5,5
161,1,3,6,7,2,2,0,0,3,0,1,2,4.5,9,1,1
164,1,2,1,7,1,1,0,0,1,0,1,4,9,21,2,2
166,1,3,3,6,4,2,0,1,2,1,1,5,4.5,9,1,3
167,1,3,6,7,2,5,1,2,3,1,2,6,4.5,9,2,1
168,0,2,2,7,1,1,0,0,1,0,1,4,4.5,9,1,1
169,0,3,3,3,2,5,1,2,2,1,1,4,9,9,2,2
170,1,4,7,5,2,5,1,2,4,1,3,4,9,4.5,3,2
172,0,3,6,6,2,4,1,2,6,1,1,4,4.5,9,3,2
173,0,3,5,7,2,3,1,0,4,1,3,3,4.5,9,3,2
176,1,2,1,6,2,1,0,0,1,0,1,3,4.5,4.5,4,4
178,1,4,5,7,2,5,0,2,4,1,2,5,4.5,9,2,1
179,0,3,1,5,4,2,0,0,4,1,1,4,4.5,4.5,4,4
182,0,3,6,7,2,3,1,1,6,1,1,3,9,15,2,2
184,1,2,1,7,1,3,0,0,3,0,1,4,9,9,2,2
185,1,3,4,7,2,3,1,0,4,0,2,5,15,21,1,1
187,0,2,1,7,1,3,0,0,3,1,3,2,4.5,9,1,1
190,0,2,7,6,4,1,0,0,2,0,1,4,21,21,4,4
193,0,3,6,7,2,1,0,0,2,0,0,0,0,0,0,0
200,0,3,3,5,2,1,1,0,1,0,1,3,4.5,9,3,2
202,1,2,1,7,1,1,0,0,1,0,1,5,9,15,3,2
203,0,5,7,9,2,3,0,0,5,1,3,3,9,15,5,4
206,0,3,5,7,2,2,0,0,3,0,3,2,4.5,9,1,1
208,0,3,3,5,2,5,1,2,2,1,1,4,9,9,2,2
211,0,3,7,7,2,3,1,0,7,1,1,5,4.5,4.5,1,1
213,1,4,4,6,2,5,1,2,4,1,1,4,4.5,9,4,4
217,1,2,2,7,2,2,0,2,1,1,1,4,9,9,3,2
219,1,3,5,7,2,5,1,0,3,1,2,5,4.5,9,3,1
221,0,3,3,5,2,1,1,0,1,0,1,3,4.5,9,3,3
222,0,4,7,9,2,5,1,2,7,1,2,4,9,21,2,1
223,0,3,1,6,2,1,0,0,1,0,1,2,1.5,4.5,3,2
226,1,3,6,9,2,3,1,0,5,1,2,3,4.5,4.5,3,4
227,1,3,3,7,2,3,0,2,2,1,1,3,4.5,4.5,1,1
229,0,3,3,5,2,2,1,0,1,0,1,3,4.5,9,3,3
231,1,3,5,7,2,5,1,0,3,1,2,5,4.5,9,2,1
233,1,3,6,7,2,3,1,0,3,0,2,2,4.5,15,1,1
234,1,3,7,7,2,2,0,0,4,1,2,3,9,15,2,2
235,1,3,6,9,2,3,0,2,5,1,1,3,9,4.5,4,4
236,1,4,6,7,2,4,1,2,6,1,2,3,9,9,2,1
237,1,3,6,7,2,1,0,0,5,0,1,4,4.5,15,4,2
240,0,2,3,7,1,1,0,0,3,0,1,3,4.5,4.5,4,3
242,0,3,6,7,2,3,1,0,3,0,2,2,4.5,15,1,1
245,1,3,3,6,2,4,1,1,4,1,1,3,4.5,9,5,2
246,0,3,3,5,2,2,1,0,1,0,1,3,9,15,3,3
248,1,4,7,6,2,6,2,2,6,1,3,4,4.5,15,4,2
249,0,3,3,7,2,4,0,1,4,1,1,3,4.5,9,5,5
250,1,2,2,7,1,4,1,0,4,1,3,4,4.5,15,6,5
253,0,3,3,7,2,3,0,1,3,1,1,5,1.5,9,3,2
254,1,3,4,6,2,4,1,1,4,1,1,3,4.5,9,5,2
255,1,2,7,7,2,1,0,0,2,1,0,0,0,0,0,0
257,0,4,7,9,2,5,1,2,6,1,2,5,9,15,2,2
259,1,2,4,7,2,5,1,1,3,1,2,3,9,9,3,3
260,0,3,3,5,2,2,1,0,1,0,1,3,9,15,3,3
261,0,2,7,9,2,2,0,0,6,1,3,3,1.5,4.5,1,1
262,1,2,4,7,2,1,1,0,3,0,1,4,4.5,4.5,2,3
263,0,3,4,9,2,5,1,0,4,1,2,5,4.5,9,4,3
267,0,3,4,9,1,1,0,0,1,0,1,4,1.5,4.5,1,1
270,1,3,5,6,2,4,1,1,4,1,1,4,4.5,9,4,2
271,1,3,4,5,2,4,1,1,4,1,1,3,4.5,9,4,2
272,1,4,5,6,2,6,2,2,4,1,2,3,4.5,4.5,4,4
273,0,3,3,7,2,2,0,0,4,0,1,3,4.5,4.5,5,3
275,0,3,3,5,2,2,1,0,1,0,1,3,9,15,3,3
277,0,4,7,7,2,3,1,0,4,1,1,2,4.5,9,1,2
278,1,3,4,6,2,4,1,1,4,1,1,4,4.5,9,4,1
279,1,3,7,7,2,5,1,2,7,0,1,3,4.5,9,5,4
281,1,3,7,7,2,2,0,0,4,1,1,5,9,15,4,3
283,1,3,5,7,2,5,1,0,3,1,2,5,4.5,9,4,3
285,0,4,5,6,2,6,1,2,4,1,2,3,9,9,4,4
286,1,5,5,6,2,5,2,2,3,1,1,3,9,9,4,4
287,0,2,1,7,1,1,0,0,1,0,1,5,21,15,2,1
288,0,3,3,7,2,4,0,1,4,1,1,2,4.5,9,5,5
289,1,3,5,7,2,3,1,0,3,1,3,4,4.5,9,3,4
290,0,3,6,7,2,3,1,0,6,1,3,3,9,9,3,2
291,0,3,4,5,2,4,1,1,4,1,1,4,4.5,9,4,1
292,1,3,7,7,2,4,1,2,6,0,1,3,9,9,6,5
293,1,4,7,6,2,4,1,1,5,1,3,3,4.5,9,4,3
294,1,2,7,7,2,1,0,0,2,1,1,3,1.5,1.5,1,1
296,0,3,7,9,2,2,0,0,5,1,1,7,4.5,15,3,3
297,1,2,6,7,2,1,0,0,2,1,0,0,0,0,0,0
299,1,3,6,7,2,4,1,1,4,1,1,3,4.5,4.5,4,4
302,1,5,5,6,2,2,0,2,1,1,1,3,1.5,1.5,4,4
314,0,3,3,5,2,1,0,0,1,0,1,4,9,9,1,1
316,0,2,3,6,2,1,0,0,3,0,1,2,4.5,4.5,5,4
317,1,3,6,6,2,4,1,1,4,1,1,4,4.5,9,5,2
319,1,4,6,7,2,5,1,2,5,1,2,3,4.5,1.5,1,1
326,1,3,5,6,2,3,1,0,2,1,1,4,1.5,4.5,4,4
328,1,3,5,7,2,4,1,1,4,1,1,4,4.5,9,4,2
330,1,4,6,6,2,4,1,1,4,1,3,4,4.5,15,3,3
332,0,3,7,9,2,2,0,0,4,1,1,3,4.5,9,1,1
343,1,4,5,6,2,3,1,0,3,1,1,2,1.5,1.5,3,3
346,1,3,6,7,2,4,1,1,4,1,1,5,4.5,4.5,3,4
347,0,3,3,7,2,4,0,2,4,1,1,3,9,15,5,5
348,0,3,4,6,2,1,0,0,1,0,1,3,9,9,1,1
349,1,3,6,9,2,1,0,0,2,1,1,5,1.5,4.5,2,2
354,1,2,5,7,2,3,0,0,2,1,3,4,9,9,5,5
355,1,2,1,7,1,3,0,0,4,1,2,2,4.5,15,1,1
357,0,4,5,6,2,5,1,2,4,1,1,4,4.5,9,4,4
358,1,2,2,7,1,3,0,1,7,1,2,4,4.5,9,5,1
360,1,3,6,7,2,4,1,1,3,1,2,2,4.5,4.5,3,3
362,1,3,5,5,2,4,1,1,3,1,1,4,4.5,9,4,3
366,1,2,2,7,1,3,0,0,5,1,2,2,4.5,4.5,3,3
368,1,3,5,7,2,3,1,0,6,1,1,3,9,15,3,3
370,1,4,6,7,2,2,0,0,4,0,2,4,1.5,1.5,3,3
381,1,3,5,7,2,1,0,0,6,1,2,5,1.5,9,5,4
390,0,2,5,7,2,4,0,0,6,1,1,5,4.5,9,4,2
394,1,2,2,7,1,3,1,1,2,0,1,4,9,9,5,4
398,0,2,3,7,2,2,0,0,3,1,2,4,15,15,2,1
400,1,3,6,7,2,2,0,0,4,1,1,4,9,15,1,2
406,0,4,3,7,2,1,0,0,1,1,0,0,0,0,0,0
408,1,2,3,7,1,3,0,0,4,1,1,2,1.5,1.5,3,3
414,1,2,3,9,1,3,0,0,3,1,2,5,1.5,9,1,1
415,1,2,5,7,2,2,0,0,2,0,2,4,4.5,9,3,3
418,0,4,5,7,2,2,0,0,4,1,1,3,9,21,1,1
420,0,3,6,6,2,4,1,1,4,1,1,4,4.5,9,4,2
423,1,2,2,7,2,2,0,0,4,1,1,3,9,9,4,4
426,1,3,4,6,2,1,0,0,2,0,3,4,9,15,3,2
427,1,2,4,7,2,3,0,0,3,1,1,4,9,15,1,1
432,1,2,2,7,1,3,0,0,7,1,2,4,9,15,2,1
435,0,2,1,7,1,6,1,2,5,1,4,4,4.5,9,1,1
437,1,3,5,7,2,1,0,0,4,1,1,3,1.5,9,1,1
438,0,2,3,7,2,3,0,0,4,1,1,2,4.5,15,6,5
440,1,3,5,7,2,3,1,1,4,1,1,3,15,9,2,1
441,1,3,5,7,2,2,0,0,5,1,1,5,15,9,5,5
446,1,2,2,7,2,3,0,0,2,1,1,3,9,15,2,2
447,1,2,6,9,2,1,0,0,2,1,0,0,0,0,0,0
451,0,3,3,6,2,3,0,1,5,1,2,3,15,21,5,4
453,1,2,3,7,1,2,0,1,2,1,1,2,4.5,4.5,5,6
456,1,3,5,6,2,1,0,0,3,1,2,2,9,15,4,3
457,1,1,1,7,1,4,1,0,1,1,1,4,9,15,3,3
460,1,3,5,7,2,3,0,0,3,1,2,6,4.5,4.5,3,2
465,1,3,5,6,2,4,2,0,3,1,2,4,9,15,3,4
470,0,4,7,7,2,3,2,0,6,1,3,3,9,9,2,3
475,1,3,6,7,2,1,0,0,3,0,1,5,4.5,4.5,3,3
485,1,2,2,7,1,3,0,1,1,1,3,3,1.5,9,5,4
490,1,3,7,9,2,3,1,0,4,1,2,3,4.5,9,1,1
493,1,1,1,5,1,3,1,0,2,0,1,4,9,9,4,4
496,1,4,6,7,2,3,1,0,5,1,1,3,4.5,9,1,1
498,0,3,6,7,2,1,1,0,4,0,2,4,4.5,9,3,2
503,0,3,3,6,4,1,0,0,2,0,1,3,1.5,4.5,2,1
504,1,2,6,9,2,2,0,0,4,1,1,3,1.5,4.5,4,1
508,1,3,2,6,2,4,1,2,2,1,1,3,4.5,4.5,5,5
509,1,4,5,7,2,6,1,2,5,1,1,3,9,15,5,5
510,0,3,2,5,4,2,0,0,4,0,2,3,9,21,4,2
512,1,2,3,7,2,6,1,2,7,1,4,4,15,15,5,5
517,1,2,4,7,2,2,0,0,3,0,2,4,4.5,9,1,1
528,0,3,3,6,2,3,0,1,2,1,2,4,1.5,4.5,6,6
539,1,4,5,7,2,4,1,1,3,0,2,4,9,9,2,1
540,1,3,6,7,2,3,1,0,6,1,1,3,9,15,3,3
541,1,4,7,7,2,5,1,2,5,1,3,3,4.5,4.5,1,1
554,1,3,5,7,2,2,0,0,2,0,2,4,4.5,9,5,4
563,0,4,7,7,2,4,2,0,6,1,3,4,9,9,3,2
566,1,3,5,7,2,2,0,0,4,1,2,4,9,15,4,4
568,1,3,4,6,2,2,0,0,2,1,2,5,1.5,4.5,4,5
569,1,2,4,6,4,4,1,0,4,1,2,4,15,21,6,4
572,1,2,6,7,2,4,2,0,3,1,3,5,9,15,4,3
573,1,3,4,7,2,1,0,0,3,0,1,4,9,15,3,3
576,1,2,6,7,2,3,0,0,4,1,3,4,4.5,9,3,2
578,0,3,5,6,2,4,1,1,4,1,1,4,4.5,9,4,3
580,1,2,3,7,2,2,0,0,1,0,1,3,4.5,9,4,2
588,1,3,4,7,2,5,2,1,3,0,1,4,9,9,6,5
590,1,2,3,6,2,3,0,0,3,1,2,5,9,9,4,5
591,1,3,6,7,2,3,1,2,4,1,3,4,9,9,5,4
592,1,2,6,7,2,1,0,0,2,1,0,0,0,0,0,0
595,0,3,6,7,2,4,1,1,4,1,1,4,4.5,9,4,2
604,1,3,4,6,2,1,0,0,2,0,1,2,4.5,1.5,6,5
607,0,2,2,7,2,3,0,0,4,1,2,2,4.5,4.5,5,5
612,1,2,3,7,1,3,0,0,3,1,2,4,1.5,1.5,5,5
614,1,3,6,9,2,5,1,2,4,1,3,4,9,15,3,3
616,0,3,5,6,2,4,1,1,4,1,1,4,4.5,9,3,2
618,1,3,5,7,2,2,0,0,2,0,3,3,4.5,9,3,2
623,0,3,4,6,2,3,0,1,5,1,2,4,9,15,3,3
624,1,4,6,7,2,5,1,2,5,1,2,3,4.5,4.5,1,1
628,1,3,3,7,2,4,1,1,3,1,2,5,9,9,4,4
632,1,5,6,7,2,2,0,0,3,1,1,2,9,15,3,2
638,1,3,4,7,2,5,1,2,2,1,2,6,4.5,9,2,2
639,0,3,3,7,2,1,0,0,1,0,0,0,0,0,0,0
643,0,4,7,9,2,5,1,2,7,1,3,4,9,15,3,2
645,1,4,6,6,2,3,1,0,3,1,0,0,0,0,0,0
646,1,3,5,6,2,3,0,0,5,1,5,2,4.5,9,3,3
647,1,2,2,2,2,6,0,2,2,0,2,3,4.5,4.5,5,5
648,0,4,7,7,2,4,2,0,6,1,2,4,4.5,9,2,3
649,0,3,5,7,2,1,0,0,2,1,1,3,9,9,1,1
659,0,4,3,6,2,3,1,1,4,1,2,3,4.5,9,1,1
661,1,3,4,6,2,2,0,0,3,1,2,5,4.5,4.5,2,1
663,0,3,6,7,2,5,1,2,4,0,2,3,15,21,2,1
667,1,3,4,6,2,4,1,1,4,1,2,3,9,4.5,3,1
668,1,2,4,7,2,1,0,0,3,0,1,4,4.5,9,1,1
669,1,3,5,7,2,3,1,0,4,1,1,4,4.5,15,2,5
670,0,2,2,7,1,1,0,0,2,0,1,3,4.5,9,3,3
678,0,3,7,7,2,1,0,0,3,1,1,3,4.5,9,1,1
679,1,3,5,7,2,4,1,1,4,1,1,4,4.5,9,3,2
681,1,3,3,7,2,3,0,0,2,1,1,3,4.5,9,6,5
685,1,2,2,6,2,3,1,0,2,1,2,4,4.5,15,3,3
688,1,1,1,5,1,4,2,0,2,1,2,4,9,21,4,4
689,1,2,6,7,2,2,0,1,4,1,2,2,1.5,9,4,4
691,1,4,4,5,2,5,1,2,2,0,2,4,4.5,9,1,1
692,0,5,7,7,2,3,1,0,5,1,1,3,9,15,1,1
694,1,4,5,7,2,4,2,0,4,1,2,4,9,9,2,2
695,0,3,4,7,2,4,2,0,3,1,0,0,0,0,0,0
697,1,2,5,7,2,2,0,0,4,1,1,4,4.5,4.5,3,3
698,0,3,7,9,2,2,0,0,5,1,1,3,9,15,3,3
712,1,3,6,7,2,2,0,0,5,1,1,3,1.5,9,1,1
722,1,3,6,7,2,2,0,0,5,1,1,3,1.5,9,1,1
725,1,4,5,6,2,3,1,0,2,1,2,3,1.5,9,2,1
726,1,3,3,7,4,5,1,0,3,0,1,3,4.5,9,5,6
728,0,4,5,7,2,3,1,0,4,1,1,4,9,9,4,4
731,1,2,2,6,1,5,0,0,2,0,3,3,4.5,9,6,6
735,1,2,2,6,1,3,3,0,4,0,2,3,4.5,9,5,4
736,0,3,6,7,2,4,1,1,3,0,1,4,4.5,9,4,2
738,1,4,3,6,2,2,0,0,3,0,2,5,9,9,5,5
740,1,3,2,5,2,3,1,0,3,1,1,3,4.5,1.5,1,1
743,1,2,2,7,2,2,2,2,1,1,2,3,21,21,2,2
745,1,3,6,7,2,2,0,2,5,1,1,3,1.5,9,1,1
748,1,3,5,6,2,3,0,0,3,0,2,3,15,15,3,2
750,1,3,5,7,2,4,1,1,2,1,3,3,4.5,9,3,4
755,1,3,6,7,2,3,1,0,6,1,1,3,9,15,2,3
757,1,2,3,7,2,4,0,1,4,1,1,5,4.5,4.5,5,5
758,1,3,7,7,2,2,0,0,3,0,1,4,4.5,9,6,6
760,1,3,3,7,2,3,1,2,3,1,3,6,9,15,4,4
768,1,3,2,6,2,3,1,0,2,1,1,3,4.5,9,5,5
771,1,3,5,6,2,4,1,1,3,1,1,4,4.5,9,4,2
772,1,3,6,7,2,3,0,0,5,0,2,4,9,15,3,3
779,0,4,4,5,2,8,2,2,3,1,4,3,9,15,1,1
781,1,3,6,7,2,1,0,0,3,0,2,4,4.5,4.5,1,1
782,1,2,6,7,2,1,0,0,2,1,0,0,0,0,0,0
791,0,3,6,7,2,3,1,0,3,1,2,3,9,15,1,1
792,1,2,3,6,2,6,1,1,4,1,2,2,21,21,3,3
794,1,3,7,7,2,2,0,0,5,1,1,4,4.5,4.5,3,3
795,0,3,5,6,2,3,1,0,4,1,2,2,4.5,9,2,3
797,1,3,3,6,2,2,0,0,2,1,1,4,4.5,9,5,5
799,1,3,7,7,2,3,1,0,5,1,2,4,9,4.5,5,5
800,0,5,5,7,2,3,1,0,6,1,2,4,9,9,4,4
801,1,3,7,6,2,2,0,0,4,1,1,3,1.5,1.5,1,1
802,1,3,5,7,2,2,0,0,2,1,2,5,4.5,9,1,1
806,1,3,5,7,2,1,0,0,2,1,2,2,15,15,3,2
807,0,3,6,7,2,4,1,0,6,1,3,3,9,9,2,3
808,1,2,3,7,1,3,0,0,3,1,3,5,9,9,1,3
809,0,3,2,7,2,5,2,0,2,0,3,3,4.5,9,2,1
811,1,2,2,7,2,2,5,2,4,1,2,2,21,21,1,1
816,0,4,5,6,2,5,2,0,3,1,1,6,4.5,4.5,5,4
818,1,3,4,7,2,2,0,0,2,0,1,7,9,15,4,5
823,0,4,1,5,2,3,0,0,1,1,0,0,0,0,0,0
824,0,3,4,7,2,4,1,1,4,1,3,4,4.5,15,4,3
826,1,4,4,6,2,3,1,0,2,1,1,3,4.5,4.5,4,4
831,0,3,4,6,2,4,2,0,3,0,2,3,9,15,1,1
832,1,3,5,7,1,3,0,0,3,1,1,3,9,4.5,1,2
835,1,2,3,6,2,1,1,0,1,0,1,2,1.5,9,5,5
836,0,3,5,9,2,4,1,1,4,1,2,3,1.5,9,2,1
839,0,3,5,7,2,2,0,0,3,1,3,4,4.5,9,1,1
840,1,3,4,7,2,2,0,0,3,1,2,5,4.5,9,3,2
841,1,3,3,5,4,3,0,0,3,1,2,4,4.5,9,4,5
843,1,2,4,6,2,5,1,0,3,1,1,5,4.5,4.5,5,4
845,1,3,6,7,2,3,1,0,3,0,3,4,9,15,1,1
847,1,3,4,7,2,3,0,1,2,1,2,3,4.5,9,4,2
855,1,4,6,7,2,5,2,1,4,1,2,3,1.5,1.5,4,4
860,1,2,1,6,1,3,0,0,2,0,3,4,4.5,9,2,3
861,1,2,6,7,2,3,0,0,3,1,3,4,4.5,9,3,3
862,1,2,3,5,2,3,0,0,2,1,1,3,4.5,9,2,5
863,1,3,4,6,2,1,1,0,2,0,1,3,4.5,9,3,2
864,0,3,7,7,2,3,0,0,7,1,2,3,1.5,1.5,2,1
865,1,2,1,7,1,4,0,0,2,1,1,6,9,9,5,5
866,0,3,4,6,2,1,0,0,3,0,2,6,4.5,9,1,1
867,1,2,6,6,2,5,1,2,4,1,2,3,21,21,6,6
868,1,4,7,7,2,1,0,0,5,0,2,5,4.5,21,4,2
869,1,3,6,7,2,5,1,2,5,1,3,4,4.5,4.5,2,2
870,0,3,6,7,2,3,1,0,4,1,2,3,9,15,1,1
