FID_,Capacity,Age,long,lat,Location
1246,15,5,114.30644060000,22.77130579000,1
798,13,6,114.30800440000,22.77155388000,1
840,1,12,113.96862620000,22.63004164000,2
1853,4,6,114.11611730000,22.59930781000,3
1990,6,6,114.11914950000,22.60178745000,3
438,10,6,114.12032760000,22.60180269000,3
727,4,8,114.11844320000,22.60192271000,3
1556,1,6,113.85287830000,22.74227468000,4
850,1,5,113.97359680000,22.53691557000,5
1865,6,5,113.97311660000,22.54097569000,5
61,1,16,114.43313700000,22.62855560000,6
499,9,4,114.28679860000,22.66660255000,7
1649,4,7,114.29152270000,22.66883609000,7
1060,1,8,114.28874280000,22.66535002000,7
1788,1,9,114.06693110000,22.71030324000,8
1317,1,7,113.90829340000,22.53487520000,9
625,1,10,113.91212080000,22.53377800000,9
774,1,8,114.03693000000,22.61669775000,10
1746,1,8,114.03371190000,22.61687441000,10
1159,4,5,114.06580460000,22.54474181000,11
1288,3,6,114.06394260000,22.54686600000,11
433,4,6,114.06582440000,22.54709862000,11
166,1,5,114.23651320000,22.59596208000,12
1931,1,5,114.23848900000,22.59656756000,12
337,1,5,113.96837330000,22.70019117000,13
796,9,7,113.96790010000,22.70352361000,13
1520,3,4,113.90136780000,22.79263871000,14
326,1,11,113.90208730000,22.79071022000,14
542,3,3,113.80458130000,22.66852381000,15
1533,6,5,113.80727010000,22.66913846000,15
955,3,5,114.38338010000,22.69048805000,16
261,6,5,114.38090850000,22.69176630000,16
710,12,6,114.37784050000,22.69261936000,16
1825,18,6,114.37785870000,22.68920719000,16
1943,1,5,114.54100210000,22.49485632000,17
1075,12,6,114.22031980000,22.69700052000,18
1178,4,4,114.12615950000,22.70308613000,19
1707,4,5,114.12434490000,22.70117938000,19
925,3,7,114.12249230000,22.70111222000,19
531,4,7,114.12656050000,22.69963352000,19
1289,1,11,113.86916830000,22.59383270000,20
1268,1,4,114.31787120000,22.72020294000,21
1474,1,4,114.31338090000,22.72052234000,21
493,1,6,114.31138150000,22.72537671000,21
1897,1,7,114.31527690000,22.72294610000,21
1478,3,4,114.12002560000,22.56292986000,22
15,3,6,114.11753420000,22.56080251000,22
1917,1,0,113.91853410000,22.74888894000,23
1774,4,6,113.86042570000,22.79841952000,24
464,12,7,113.85830130000,22.79482681000,24
1035,1,5,113.95725900000,22.58270328000,25
578,1,6,114.36074310000,22.75979014000,26
767,6,5,113.98438570000,22.73744168000,27
302,10,5,113.98072100000,22.73399460000,27
1671,4,6,113.98330050000,22.73590738000,27
1055,1,4,113.81228440000,22.71229903000,28
673,3,5,114.19421130000,22.64106038000,29
524,9,5,114.20010580000,22.64522970000,29
1939,4,6,114.19932690000,22.64642831000,29
51,9,6,114.19447480000,22.64336237000,29
985,15,6,114.19562920000,22.64852520000,29
1906,7,7,114.19721220000,22.64404955000,29
729,1,7,113.90663910000,22.48753100000,30
647,1,7,114.06445720000,22.65490436000,31
803,3,7,114.05954100000,22.65418629000,31
1736,3,4,114.00974360000,22.54087223000,32
1270,1,6,114.01447910000,22.54268530000,32
593,4,6,114.01293400000,22.53951197000,32
1859,1,5,113.89508650000,22.71774923000,33
1215,3,6,113.89336030000,22.71360614000,33
405,1,9,113.89640560000,22.71527897000,33
978,1,2,114.00209810000,22.67241295000,34
1243,1,6,114.34493520000,22.61164311000,35
268,1,5,114.18319310000,22.55817396000,36
966,1,7,114.17844240000,22.56154605000,36
285,1,8,114.50960380000,22.53158021000,37
1751,1,2,114.24751270000,22.71669352000,38
1176,4,5,113.91873090000,22.57620516000,39
597,9,5,113.91767200000,22.58072666000,39
178,16,5,113.91720830000,22.57816238000,39
1461,6,6,113.91952460000,22.57655733000,39
414,7,6,113.91865480000,22.57838599000,39
758,16,6,113.92029730000,22.57806338000,39
1777,1,6,114.31415390000,22.68651171000,40
1544,1,7,114.31729930000,22.68549301000,40
1732,4,6,113.84601980000,22.63041229000,41
1477,3,4,114.04047760000,22.52785478000,42
52,3,6,114.03771220000,22.52977996000,42
1089,3,6,114.03925940000,22.53215931000,42
347,9,6,114.04250220000,22.53029925000,42
155,1,3,113.80869980000,22.76195894000,43
1536,1,3,113.80485080000,22.76355056000,43
148,1,2,113.92286960000,22.69469437000,44
183,6,5,114.14230710000,22.63011280000,45
1481,6,5,114.09237870000,22.56380177000,46
1529,4,6,114.09142400000,22.56486471000,46
234,6,6,114.09242470000,22.56487066000,46
25,7,6,114.09138630000,22.56098107000,46
1291,12,7,114.09099780000,22.56365386000,46
1346,4,5,114.22031980000,22.55590944000,47
926,7,6,114.22216980000,22.55339424000,47
57,9,6,114.22110310000,22.55441025000,47
1223,4,7,114.22407150000,22.55664951000,47
1212,1,4,114.03750510000,22.69082435000,48
1114,3,7,114.03613620000,22.69598727000,48
755,10,5,113.99230930000,22.58984621000,49
1398,1,6,113.98980680000,22.58788505000,49
788,1,6,113.98818770000,22.58962973000,49
461,1,7,113.98722820000,22.58805382000,49
690,1,5,114.10160380000,22.53736933000,50
1192,3,5,114.10715370000,22.53510613000,50
1725,1,6,114.10433680000,22.53934837000,50
1770,4,5,114.03207860000,22.56121934000,51
1445,7,5,114.03047760000,22.56408509000,51
693,6,6,114.02918820000,22.56365841000,51
1412,1,8,114.03538620000,22.56391804000,51
1148,12,4,113.86610290000,22.75930169000,52
802,4,5,113.86836510000,22.76185050000,52
1819,7,5,113.86853050000,22.76038515000,52
2001,9,5,113.86993220000,22.75894113000,52
137,15,5,113.86498850000,22.76071391000,52
1505,6,7,113.86613600000,22.75762726000,52
836,6,5,113.88936610000,22.56125390000,53
1403,6,5,113.88794130000,22.56616194000,53
437,7,5,113.88731870000,22.56329595000,53
543,3,6,113.89167330000,22.56318337000,53
1615,7,6,113.88885740000,22.56397148000,53
226,9,6,113.89090330000,22.56732179000,53
1978,1,6,114.46727760000,22.59444856000,54
410,1,8,114.30663610000,22.60150689000,55
745,1,5,114.03056000000,22.72458829000,56
960,6,4,114.37123830000,22.74697943000,57
1982,6,4,114.36719410000,22.74943715000,57
619,4,6,114.36586240000,22.74571587000,57
38,7,6,114.37018310000,22.74567194000,57
462,7,7,114.36890720000,22.74352798000,57
517,1,11,113.92051070000,22.61736685000,58
280,1,3,113.94394910000,22.77869306000,59
721,6,5,113.94430980000,22.77516949000,59
1379,6,5,113.93976400000,22.77609505000,59
1467,1,9,114.51356690000,22.65033074000,60
1690,1,5,114.05733830000,22.60473730000,61
443,3,5,114.05589770000,22.60478461000,61
1504,3,5,114.05259230000,22.60674795000,61
444,1,6,114.05322850000,22.60757971000,61
1283,3,6,114.05342940000,22.60426885000,61
1619,3,6,114.05442420000,22.60688976000,61
856,4,6,114.05458710000,22.60557067000,61
1248,4,6,114.05423160000,22.60394251000,61
1754,7,6,114.05640910000,22.60671849000,61
56,4,7,114.05250150000,22.60472641000,61
763,7,5,113.93664850000,22.52943032000,62
351,3,6,113.93901170000,22.52777217000,62
1122,4,6,113.94030090000,22.53059064000,62
980,4,7,113.93847620000,22.53002104000,62
426,12,6,114.32928120000,22.68364859000,63
1472,1,4,114.09296660000,22.72529894000,64
519,1,6,114.08991670000,22.72328772000,64
113,1,4,114.12185270000,22.67637751000,65
1912,1,5,114.12145120000,22.67192807000,65
1826,7,5,114.04902290000,22.63510087000,66
90,16,5,114.04832100000,22.63249069000,66
314,10,6,114.04701770000,22.63423293000,66
1355,7,7,114.05028920000,22.63525645000,66
1885,1,9,114.05298990000,22.63596044000,66
1408,3,5,114.22193010000,22.66886258000,67
592,6,5,114.22386600000,22.66912309000,67
752,3,5,113.82768750000,22.72981511000,68
1984,1,8,113.83160000000,22.72966948000,68
338,4,8,113.83177240000,22.73144130000,68
1734,1,6,114.01834490000,22.63864120000,69
481,1,7,114.01834150000,22.64408518000,69
1416,1,4,114.27901390000,22.73232303000,70
242,4,6,114.28159790000,22.73262874000,70
630,6,6,113.89312780000,22.78134163000,71
1216,4,7,113.89174360000,22.77963792000,71
1218,4,7,113.88952530000,22.78108983000,71
829,1,6,114.28108140000,22.68512797000,72
206,1,4,113.79612250000,22.72937009000,73
1084,9,5,113.79935140000,22.72734098000,73
1795,4,6,113.79774350000,22.72825905000,73
760,1,5,114.21180530000,22.61087320000,74
373,1,7,114.21474890000,22.60859385000,74
1484,4,7,114.21756770000,22.61148133000,74
670,15,7,114.21549410000,22.61168118000,74
1867,1,4,114.01254660000,22.74553954000,75
451,1,8,114.00849850000,22.74367900000,75
535,1,5,114.26528910000,22.57777992000,76
1840,1,7,114.26977750000,22.58160977000,76
78,1,4,113.92628570000,22.48722790000,77
1383,3,6,113.92826010000,22.48921725000,77
180,3,5,113.83809790000,22.76558553000,78
668,9,5,113.84053330000,22.76456821000,78
1469,7,6,113.84080590000,22.76551139000,78
1645,1,12,114.21321520000,22.74822005000,79
476,1,6,114.34920440000,22.70813761000,80
739,1,8,114.48780430000,22.57210000000,81
822,3,5,114.10800450000,22.61812467000,82
1025,7,5,114.10245630000,22.62058341000,82
429,12,6,114.10482020000,22.61880776000,82
1651,1,6,114.02826000000,22.65797554000,83
1961,3,6,114.02170310000,22.65671931000,83
1126,4,6,114.02230450000,22.66036590000,83
35,10,6,114.02342810000,22.65964599000,83
1009,13,6,114.02615430000,22.65847295000,83
554,3,7,114.02505080000,22.65583642000,83
679,12,5,114.13829220000,22.57066054000,84
1773,1,6,114.14256560000,22.57061046000,84
1941,1,5,113.92493900000,22.51239945000,85
671,1,6,113.92457740000,22.50906397000,85
939,4,7,113.92700900000,22.50671288000,85
743,1,6,113.79044930000,22.70026312000,86
1354,1,7,113.99373530000,22.54944389000,87
1722,7,4,113.86499220000,22.79720284000,88
284,13,4,113.86831770000,22.79760060000,88
1515,1,5,113.88483900000,22.81101354000,89
686,1,8,113.88730480000,22.81429851000,89
1564,1,5,114.13577870000,22.61047964000,90
539,6,5,114.13962390000,22.60854092000,90
1591,9,5,114.13862470000,22.60631366000,90
883,3,6,114.13785180000,22.60627945000,90
176,16,6,114.13608760000,22.60681965000,90
1624,1,4,114.13549180000,22.55227385000,91
1852,3,5,114.13892180000,22.55268013000,91
70,3,6,114.13770410000,22.55089735000,91
320,1,7,113.97149880000,22.56507940000,92
975,7,6,113.93996420000,22.72081946000,93
207,15,7,113.93892450000,22.72183910000,93
1406,1,4,114.10821150000,22.57611145000,94
84,1,6,114.11090970000,22.57199474000,94
1723,4,7,114.10647630000,22.57334870000,94
1963,1,3,113.98120720000,22.68180991000,95
933,1,5,113.97947940000,22.68249685000,95
1805,1,5,114.06544810000,22.57084405000,96
807,1,6,114.06875320000,22.57321798000,96
1161,1,7,113.91198400000,22.67249660000,97
1932,1,3,113.94264830000,22.55304371000,98
815,1,5,113.94394820000,22.55746876000,98
312,1,6,113.93976940000,22.54918352000,98
474,7,5,113.90320640000,22.55898151000,99
1427,7,5,113.90117170000,22.55645119000,99
16,7,7,113.90286460000,22.55476595000,99
705,13,5,114.09783060000,22.69478757000,100
1388,1,5,113.85468870000,22.58178721000,101
754,1,6,113.85733170000,22.58130916000,101
1141,3,6,113.85860560000,22.58002312000,101
453,1,6,113.88703040000,22.73681777000,102
1310,7,6,113.88551450000,22.73781578000,102
701,4,6,113.94013410000,22.68797167000,103
1881,6,6,114.13081540000,22.58008543000,104
713,3,7,114.13205910000,22.58134904000,104
1014,6,8,114.13033140000,22.57858493000,104
1209,6,8,114.13375400000,22.57957269000,104
792,1,6,113.82981660000,22.67844841000,105
269,1,8,113.83361170000,22.67754269000,105
232,6,5,114.03214670000,22.60364925000,106
1266,12,5,114.03363290000,22.60408253000,106
778,1,6,114.03235810000,22.60729520000,106
1972,1,7,114.03371560000,22.60562211000,106
1287,1,7,114.02977310000,22.60806758000,106
468,1,4,114.06626710000,22.68601619000,107
1636,1,5,114.06373680000,22.68438374000,107
94,1,5,114.40597280000,22.74964726000,108
1140,4,4,114.07905090000,22.54727143000,109
140,9,5,114.08231450000,22.54348489000,109
667,15,5,114.08182510000,22.54871277000,109
278,4,6,114.08022400000,22.54685975000,109
1008,4,6,114.08376360000,22.54819292000,109
750,9,6,114.08007020000,22.54385604000,109
1498,9,6,114.08258240000,22.54612258000,109
1321,4,5,114.05876370000,22.53249916000,110
397,4,6,114.06004740000,22.53388018000,110
1656,1,7,114.48174000000,22.54079562000,111
313,1,10,114.47957640000,22.54169224000,111
555,7,6,113.90156150000,22.71955435000,112
1626,12,7,113.89979350000,22.72128716000,112
1729,6,4,114.04924510000,22.56662297000,113
1424,3,5,114.04842000000,22.56893833000,113
1999,3,5,114.05104680000,22.56560970000,113
680,6,6,114.04750540000,22.56695130000,113
141,15,6,114.05025680000,22.56561516000,113
652,1,7,114.04575470000,22.56905960000,113
994,3,7,114.04466860000,22.56551817000,113
1016,1,5,114.16222810000,22.57001282000,114
423,7,4,113.89274930000,22.76804691000,115
1598,7,5,113.89113780000,22.76756172000,115
1693,10,5,113.89188870000,22.76573048000,115
612,1,5,114.18476590000,22.59345697000,116
1921,1,10,114.18804640000,22.59135197000,116
961,1,8,114.34636560000,22.66952477000,117
62,1,6,114.30728880000,22.67023618000,118
1078,10,6,114.30682960000,22.66817747000,118
1933,12,6,114.30592390000,22.66792316000,118
703,9,7,113.88331880000,22.57999628000,119
1210,3,8,113.87891580000,22.57538388000,119
1042,6,8,113.88164160000,22.57854242000,119
851,1,4,114.39393620000,22.71435800000,120
199,1,6,114.38929840000,22.71245664000,120
1103,1,2,114.24723980000,22.74332592000,121
1392,1,1,113.83993730000,22.59919761000,122
797,1,6,114.07654780000,22.62515275000,123
995,1,6,114.08097090000,22.62592180000,123
412,6,6,114.28761460000,22.70174801000,124
841,6,6,114.29155660000,22.70035351000,124
431,1,3,114.55804210000,22.55634191000,125
1646,1,1,114.00462080000,22.59551516000,126
1081,1,11,114.04994150000,22.74479642000,127
357,4,5,113.91919770000,22.54583536000,128
1447,3,6,113.92210260000,22.54384542000,128
1028,7,8,114.24313270000,22.56455993000,129
101,1,7,113.88883490000,22.49267264000,130
1810,1,9,113.88954790000,22.48754985000,130
1526,3,6,113.85951500000,22.73057783000,131
1910,9,6,113.86180990000,22.73159364000,131
87,15,7,113.86085980000,22.73219420000,131
350,1,5,113.98059940000,22.70188376000,132
1169,4,7,113.98287190000,22.69973656000,132
1418,7,7,113.97961390000,22.70003514000,132
847,1,9,113.98658680000,22.69818982000,132
1757,1,2,114.16079520000,22.60197128000,133
1039,3,4,114.31229330000,22.69246974000,134
86,6,5,114.31612060000,22.69285344000,134
445,10,5,114.31447480000,22.69674758000,134
723,9,7,114.31355520000,22.69519170000,134
123,1,6,114.32915410000,22.76598871000,135
1666,1,6,114.32848500000,22.76890004000,135
953,1,6,114.32815870000,22.76530782000,135
1854,4,5,114.10206480000,22.59017166000,136
682,9,5,114.10138840000,22.58524801000,136
388,3,6,114.10282490000,22.58702735000,136
1102,6,6,114.10709320000,22.58802939000,136
892,9,7,114.10624820000,22.58564619000,136
1043,1,4,113.86329160000,22.78347339000,137
896,1,5,114.40035520000,22.61880880000,138
954,1,4,114.35382810000,22.68777839000,139
1679,3,4,114.10296010000,22.55553361000,140
120,6,6,114.10614410000,22.55557116000,140
640,7,6,114.10218740000,22.55328547000,140
787,1,7,114.10599520000,22.55112343000,140
669,3,4,114.04953290000,22.51773653000,141
1600,1,5,114.05168230000,22.51489064000,141
888,1,9,113.82625620000,22.78336177000,142
1635,1,9,113.94507280000,22.75703773000,143
1925,6,5,113.98744380000,22.53981860000,144
549,1,6,113.98491730000,22.53726635000,144
1446,6,6,113.98812910000,22.53883459000,144
935,7,6,113.98747860000,22.54172238000,144
678,10,6,113.98964120000,22.54079090000,144
80,6,7,113.98887810000,22.54061322000,144
440,1,8,113.91580690000,22.73178047000,145
1194,1,9,113.91929710000,22.72872912000,145
407,4,5,113.91399430000,22.52376910000,146
962,4,5,113.91601290000,22.52558440000,146
1367,4,5,113.91673560000,22.52797868000,146
1482,1,1,114.15282940000,22.65634810000,147
259,7,4,113.93215610000,22.78251295000,148
1601,4,5,113.93281630000,22.78546293000,148
490,10,6,114.27172630000,22.58856211000,149
198,1,6,113.91066410000,22.76447929000,150
699,1,6,113.89186650000,22.54628175000,151
1724,1,1,114.05930640000,22.72780458000,152
380,1,7,114.05922570000,22.72463660000,152
361,7,5,114.04881910000,22.60469621000,153
887,1,6,114.04278000000,22.60362263000,153
1540,7,6,114.04499570000,22.60195421000,153
1368,4,3,113.98113750000,22.55455443000,154
367,6,6,113.98098680000,22.55570979000,154
1541,3,6,114.36786120000,22.73955335000,155
1929,7,6,114.36861040000,22.74243864000,155
237,9,6,114.36586270000,22.74004757000,155
1581,7,7,114.36827070000,22.74212912000,155
898,1,5,114.33001580000,22.79799438000,156
467,1,9,114.22592480000,22.64134132000,157
420,1,0,114.21252840000,22.72475814000,158
1397,1,4,114.21038560000,22.72074274000,158
1682,1,4,113.93197800000,22.63047770000,159
830,4,6,113.93211170000,22.63250414000,159
1828,1,7,114.02999190000,22.66684820000,160
740,1,5,113.79822290000,22.69370504000,161
289,6,5,113.80332960000,22.69168323000,161
1489,9,5,113.80234580000,22.69650732000,161
401,12,5,113.80267970000,22.69642692000,161
1276,1,4,114.03050190000,22.62003586000,162
316,1,5,114.02750790000,22.62211321000,162
621,9,5,114.02548100000,22.62318237000,162
986,9,7,114.02534960000,22.61946934000,162
1660,3,6,114.26249860000,22.59287108000,163
1331,9,6,114.25953260000,22.59384673000,163
219,1,3,114.57690040000,22.49474317000,164
903,1,4,114.14168980000,22.68866649000,165
1727,1,4,114.14667830000,22.68836699000,165
784,3,5,114.04266710000,22.54364914000,166
1764,1,6,114.04717920000,22.54601967000,166
1945,4,6,113.95608250000,22.70340427000,167
1667,1,7,113.95578430000,22.69902512000,167
322,10,8,113.95629920000,22.70166819000,167
152,3,5,114.11306590000,22.65132133000,168
988,1,5,114.12487930000,22.54238400000,169
501,4,8,114.12213100000,22.54068187000,169
153,1,5,114.03874360000,22.65086843000,170
1512,3,5,113.94789890000,22.57658566000,171
489,6,5,113.94735760000,22.57940852000,171
1136,1,6,113.94612690000,22.57394772000,171
1702,7,6,113.94624640000,22.57888194000,171
1878,1,5,113.87149920000,22.78752544000,172
340,6,6,113.86998940000,22.78888941000,172
1442,7,6,113.86794460000,22.78799947000,172
635,13,5,114.05583190000,22.66368710000,173
1363,7,6,114.05640520000,22.66622361000,173
864,1,4,114.01110180000,22.54849473000,174
733,1,6,114.00632270000,22.54698399000,174
1815,3,7,114.00522120000,22.55062802000,174
345,1,6,113.86051750000,22.80416164000,175
863,1,6,113.85285520000,22.80413950000,175
1911,1,7,113.85704790000,22.80447067000,175
1995,1,3,114.23910920000,22.66535460000,176
1360,1,4,114.23691740000,22.66163082000,176
550,1,12,113.76458460000,22.67131472000,177
496,1,8,114.01358800000,22.73071888000,178
41,1,5,114.28886050000,22.71543158000,179
1668,1,6,114.29222590000,22.71664817000,179
1986,1,3,114.00478450000,22.65568646000,180
286,1,7,114.00271250000,22.65876506000,180
1006,1,7,113.93705250000,22.74123688000,181
1463,1,5,113.81884090000,22.66555661000,182
957,9,6,113.81856520000,22.66400442000,182
1778,12,6,113.81483640000,22.66263073000,182
666,6,7,113.81628820000,22.66386218000,182
14,10,7,113.81715460000,22.66138633000,182
1053,1,6,114.29237670000,22.77964080000,183
808,1,7,114.29418640000,22.78351266000,183
1113,1,9,113.84540370000,22.71817642000,184
1167,4,6,114.12831820000,22.59289349000,185
1755,1,7,114.12685780000,22.59735500000,185
457,1,9,114.12683300000,22.59429138000,185
1139,1,5,114.35173520000,22.72512387000,186
714,7,5,114.35560990000,22.72245062000,186
588,4,6,113.81593330000,22.72504131000,187
1950,1,7,113.81389710000,22.72069673000,187
471,1,7,114.40117990000,22.69343354000,188
1971,3,5,113.83414940000,22.62683087000,189
218,9,5,113.83773210000,22.62275309000,189
1756,1,6,113.83610770000,22.62501676000,189
1898,4,6,113.83714560000,22.62252707000,189
174,7,6,113.83322090000,22.62806894000,189
922,7,8,113.83472210000,22.62417137000,189
768,4,5,114.32367980000,22.69825868000,190
658,3,6,114.32666810000,22.70054039000,190
1121,7,7,114.32410810000,22.69933858000,190
1087,1,4,113.89611900000,22.72186615000,191
1688,4,5,113.89657000000,22.72697373000,191
1955,6,5,113.89355770000,22.72581481000,191
263,1,6,113.89479170000,22.72568799000,191
646,6,6,113.89305220000,22.72747026000,191
583,13,6,113.89844340000,22.72509922000,191
1703,1,3,114.41781880000,22.63241271000,192
1974,1,5,113.92050920000,22.56157879000,193
54,1,5,113.83333300000,22.80163876000,194
273,3,6,114.11593100000,22.58323568000,195
1522,4,6,114.11821990000,22.58405479000,195
656,1,5,113.89422230000,22.47161056000,196
1189,4,5,114.11339220000,22.54692885000,197
751,9,5,114.11443390000,22.54688574000,197
1742,6,6,114.11712660000,22.54437638000,197
293,7,6,114.11524940000,22.54416164000,197
1272,4,7,114.11651530000,22.54753758000,197
1197,1,9,113.83476270000,22.70959186000,198
72,1,9,114.53223020000,22.48814980000,199
928,1,6,114.42590740000,22.60700273000,200
1838,1,8,114.42096610000,22.60634306000,200
1492,6,5,114.02680610000,22.53253681000,201
857,4,6,114.02651840000,22.53701933000,201
188,7,6,114.02621920000,22.53465225000,201
587,1,6,114.28372400000,22.75135238000,202
265,9,5,114.10278930000,22.59637715000,203
1125,6,6,114.10352730000,22.59303690000,203
1430,13,5,114.29597730000,22.68899235000,204
951,7,8,114.29841940000,22.68903631000,204
726,1,5,113.79483920000,22.74855338000,205
260,1,6,113.79505640000,22.75418000000,205
463,1,5,114.08064800000,22.69997714000,206
1285,1,8,114.08394850000,22.70335269000,206
236,1,4,113.86474220000,22.66483024000,207
766,1,3,114.07244300000,22.64882780000,208
1890,1,4,114.07420670000,22.64710159000,208
1134,4,4,114.05137110000,22.61576577000,209
992,12,5,114.05432320000,22.62251348000,209
1655,7,6,114.05443750000,22.61719715000,209
31,10,7,114.05383600000,22.61972877000,209
272,1,4,113.86356400000,22.77118378000,210
1305,1,5,113.86009550000,22.77341249000,210
1011,6,8,113.86537660000,22.77279151000,210
159,1,5,114.32426390000,22.60439637000,211
1937,1,12,114.32814090000,22.60612872000,211
1022,1,2,114.03216650000,22.71384223000,212
455,3,5,114.02976010000,22.71589073000,212
746,1,15,113.86425090000,22.82567476000,213
311,1,5,114.00224440000,22.69314260000,214
1833,3,4,114.09148130000,22.54589324000,215
1047,6,5,114.08930100000,22.54651745000,215
1297,1,6,114.09465760000,22.54532429000,215
1191,3,7,114.09491780000,22.54625325000,215
1475,6,6,114.34033520000,22.67975800000,216
567,13,6,114.33898120000,22.67951050000,216
238,3,7,114.34346790000,22.67830278000,216
987,7,4,114.25638180000,22.58771104000,217
551,4,5,114.24914640000,22.59077579000,217
1800,7,6,114.25177160000,22.58882349000,217
1157,1,4,114.05153480000,22.69449135000,218
250,1,8,114.23389610000,22.72903088000,219
1775,6,4,114.22256240000,22.61654006000,220
964,6,6,114.22099180000,22.61977221000,220
5,7,6,114.22503700000,22.61841569000,220
1396,7,6,114.07185890000,22.62126535000,221
92,13,6,114.07097830000,22.62051232000,221
400,9,7,114.07129890000,22.62399143000,221
1303,1,5,113.87646850000,22.77355168000,222
724,1,6,113.87863680000,22.77464006000,222
1500,6,7,113.88003200000,22.77274469000,222
11,6,6,113.96080130000,22.68692960000,223
1143,10,6,113.96196300000,22.68590585000,223
1165,1,10,113.96368710000,22.69016531000,223
415,4,5,114.05790460000,22.57556408000,224
794,7,6,114.05526030000,22.57549334000,224
44,9,6,114.05443830000,22.57384190000,224
182,1,8,114.03139230000,22.74005973000,225
1116,12,3,114.31600980000,22.70745292000,226
1086,1,6,114.31012580000,22.70130953000,226
1414,1,6,114.30991280000,22.70623564000,226
1839,1,7,114.31189200000,22.70594705000,226
1543,4,5,113.91763230000,22.49709860000,227
504,3,6,113.91527880000,22.49775564000,227
1160,12,6,113.91408310000,22.49541760000,227
1806,1,4,113.96438600000,22.54286861000,228
643,3,5,113.96393680000,22.54498366000,228
1190,1,6,113.96217760000,22.54347838000,228
119,3,6,113.96743340000,22.54290141000,228
1935,1,8,113.96219990000,22.53861162000,228
1072,1,5,114.50229220000,22.59605766000,229
1238,1,3,113.92874520000,22.59221230000,230
1244,3,6,114.19098310000,22.64747785000,231
267,6,6,114.18691310000,22.64517736000,231
1633,1,3,113.98464000000,22.59929414000,232
1150,1,6,113.98553320000,22.59257235000,232
1866,1,6,113.98419060000,22.59258438000,232
1744,3,6,113.98690680000,22.59259822000,232
171,10,6,113.98854260000,22.59336618000,232
765,1,5,113.88308570000,22.79706448000,233
1516,1,4,114.07301520000,22.53610772000,234
1861,1,8,114.07586370000,22.53628434000,234
1692,1,5,113.82658410000,22.75272624000,235
1015,1,9,113.82988300000,22.75184671000,235
1962,3,5,113.97730300000,22.72436538000,236
42,10,6,113.97682780000,22.72921638000,236
1618,12,6,113.97547110000,22.72758277000,236
487,4,7,113.97715820000,22.72554647000,236
1425,1,9,114.26473510000,22.70628610000,237
122,12,4,114.23014250000,22.55957429000,238
1432,13,5,114.23167240000,22.55732328000,238
1579,1,7,114.22736900000,22.55866669000,238
1760,1,4,114.11700910000,22.61103696000,239
411,1,6,114.11445250000,22.61416014000,239
1002,1,8,114.11243410000,22.61733095000,239
1187,1,5,113.88516320000,22.72061152000,240
89,4,6,113.88588310000,22.72026296000,240
1202,6,6,113.88612860000,22.71694998000,240
1459,9,6,113.88280620000,22.71916462000,240
1740,7,7,113.88507530000,22.71778325000,240
479,10,7,113.88286120000,22.72067424000,240
446,1,10,114.40510740000,22.77520683000,241
1924,1,3,113.91752710000,22.72183077000,242
456,7,6,113.91582470000,22.71846420000,242
258,15,6,113.91976150000,22.71927130000,242
1278,7,7,113.91668750000,22.71836248000,242
1404,4,6,114.10272810000,22.71988650000,243
805,1,7,114.09812230000,22.71939316000,243
353,7,7,114.10345680000,22.72288798000,243
1528,1,8,114.02716270000,22.63621566000,244
1525,1,3,113.90856830000,22.58446880000,245
1681,1,11,113.93043530000,22.50518507000,246
537,3,11,113.86891450000,22.50307986000,247
1066,3,5,114.34890820000,22.76434466000,248
225,1,7,114.34338290000,22.75856690000,248
392,18,7,114.34625690000,22.75969558000,248
972,1,4,114.29148180000,22.58892502000,249
1542,1,4,113.87440930000,22.58226338000,250
1369,1,4,113.87833430000,22.58570227000,250
877,4,5,113.87901250000,22.58393899000,250
168,3,6,113.87914080000,22.58134339000,250
1073,6,7,113.87714080000,22.58111286000,250
1129,4,8,113.87629120000,22.58469075000,250
441,12,6,114.27925080000,22.66839408000,251
1662,9,8,114.28176080000,22.66931775000,251
708,3,5,114.20994450000,22.70807763000,252
753,4,7,114.21098040000,22.71034428000,252
1957,1,6,114.01397280000,22.75095175000,253
735,25,6,114.01419620000,22.75163290000,253
252,1,5,113.93040620000,22.68073678000,254
1938,4,6,113.93353420000,22.68098087000,254
626,1,3,114.23512960000,22.70908286000,255
1405,3,4,113.99453390000,22.53990409000,256
1987,3,6,113.99056480000,22.54190003000,256
1255,4,6,113.99312040000,22.54008338000,256
266,9,6,113.99398200000,22.54387652000,256
503,1,7,113.99274740000,22.53923456000,256
1030,4,7,113.99208890000,22.54300533000,256
971,6,4,114.22629330000,22.68804049000,257
1710,4,6,114.22543220000,22.68667121000,257
1804,1,7,114.22918610000,22.68868719000,257
1969,1,5,114.29081890000,22.67684935000,258
572,7,7,114.29177210000,22.67397055000,258
154,1,8,114.29337210000,22.67658946000,258
628,3,6,114.00146400000,22.63733905000,259
1325,1,11,114.00367010000,22.64241144000,259
1759,1,4,113.85192060000,22.76363961000,260
1384,7,6,113.84930220000,22.76615663000,260
1535,1,6,114.34244920000,22.69627422000,261
356,3,5,113.89612690000,22.51793372000,262
1064,1,6,114.12492630000,22.66784704000,263
938,4,4,113.91027120000,22.54288065000,264
294,6,5,113.90683940000,22.54642218000,264
1003,6,6,113.90666340000,22.54529333000,264
563,47,6,113.90652960000,22.54165362000,264
558,1,4,113.88012730000,22.61236295000,265
205,1,4,114.32851220000,22.67135289000,266
1120,1,5,114.32965020000,22.67590370000,266
1752,1,5,114.32949070000,22.67195490000,266
559,1,4,114.12791310000,22.68921886000,267
1135,4,5,114.12571060000,22.68741549000,267
1891,1,4,114.04403010000,22.51042369000,268
827,1,8,114.04312770000,22.50713566000,268
277,3,6,113.92180830000,22.51883796000,269
1265,6,6,113.92293280000,22.51840370000,269
1952,4,8,113.92411690000,22.52188418000,269
1588,4,5,114.12097360000,22.57481572000,270
1639,6,6,114.12512680000,22.57298374000,270
82,4,7,114.12308480000,22.57250135000,270
1348,4,7,114.11906910000,22.57524165000,270
833,9,7,114.12243140000,22.57398444000,270
609,1,7,114.01406470000,22.62626062000,271
879,1,8,114.01662560000,22.62783600000,271
1916,1,7,113.87092780000,22.80842361000,272
1549,1,8,113.79050010000,22.72072576000,273
1229,1,4,114.08182230000,22.57645726000,274
142,3,7,114.07847590000,22.57764206000,274
275,6,6,114.05820170000,22.70814865000,275
835,10,6,114.06041370000,22.70821333000,275
1217,12,6,114.05836230000,22.71146253000,275
622,1,4,113.82251340000,22.71739482000,276
1748,3,4,113.82337610000,22.71220285000,276
1374,4,4,114.08596190000,22.53889373000,277
239,1,6,114.08972270000,22.53869789000,277
1612,1,6,114.08728260000,22.53676348000,277
1059,4,6,114.08378610000,22.54104639000,277
1816,3,7,114.08927940000,22.53895994000,277
1592,1,11,114.08275900000,22.53836200000,277
1473,1,6,114.37315570000,22.73982065000,278
1438,1,7,114.37557400000,22.74511882000,278
1376,1,7,113.93510460000,22.57055094000,279
298,1,5,114.38902360000,22.75600408000,280
1789,1,4,114.12602180000,22.63301435000,281
921,1,6,114.11438590000,22.69911255000,282
1312,1,8,113.90357350000,22.74934921000,283
1923,1,7,114.15180710000,22.61924410000,284
1652,1,7,114.06511310000,22.63560027000,285
1041,1,8,114.03997780000,22.70672768000,286
1152,1,8,114.36486280000,22.70474565000,287
1572,1,6,113.87463040000,22.57015688000,288
616,1,12,113.87288870000,22.56670358000,288
1203,1,4,113.94610990000,22.74568305000,289
1080,1,7,113.82677210000,22.69907369000,290
60,1,11,113.82441750000,22.70227343000,290
1903,1,3,113.89620240000,22.57405691000,291
844,4,6,113.89616780000,22.56844748000,291
475,4,9,113.89680420000,22.56889245000,291
545,1,4,114.06459200000,22.56485170000,292
901,3,5,114.06323130000,22.55937896000,292
488,6,5,114.06056020000,22.56211642000,292
1670,7,5,114.06442250000,22.55868147000,292
136,13,6,114.06600260000,22.55872250000,292
212,1,7,113.90806370000,22.65588346000,293
279,1,6,114.01100270000,22.55403260000,294
880,1,6,114.01368900000,22.55863039000,294
1701,4,4,113.98942510000,22.73620886000,295
1802,3,5,113.99368420000,22.73901310000,295
346,6,5,113.99161660000,22.73642415000,295
1031,1,7,113.98830010000,22.73406689000,295
1293,1,8,114.23849640000,22.76309512000,296
217,1,7,113.77883050000,22.67930859000,297
1488,1,8,114.21130130000,22.64339303000,298
641,4,6,113.99766510000,22.67571164000,299
956,12,6,113.99618910000,22.67300574000,299
53,35,6,113.99842540000,22.67245606000,299
1198,1,5,114.17174130000,22.56394335000,300
1254,4,5,114.16755210000,22.56150367000,300
823,6,5,114.16960860000,22.56326839000,300
379,4,6,114.17319240000,22.56068637000,300
1673,1,2,113.94502040000,22.79503735000,301
526,4,4,113.94670010000,22.79201487000,301
838,1,5,114.03483270000,22.52627190000,302
618,3,5,114.03442950000,22.52438095000,302
1182,3,5,114.03578070000,22.52945650000,302
1151,3,6,114.03143700000,22.52779416000,302
639,1,5,114.04478410000,22.67738457000,303
1411,1,7,114.27740860000,22.72266366000,304
1647,1,9,114.26882220000,22.74994740000,305
1992,1,6,113.90569300000,22.78527296000,306
1204,1,6,113.90536260000,22.78916177000,306
1269,1,5,113.89273510000,22.80211546000,307
650,1,6,114.00126560000,22.72803226000,308
1323,1,7,114.00466620000,22.72671938000,308
235,3,7,113.94436000000,22.77088278000,309
1443,1,8,113.94237290000,22.76877644000,309
929,1,6,114.23531910000,22.60937378000,310
1393,1,8,114.23499400000,22.60603415000,310
1832,1,5,113.98568910000,22.52621558000,311
288,1,5,113.98799720000,22.52735358000,311
1110,1,6,113.98418670000,22.52888897000,311
1275,3,5,114.37329260000,22.69322023000,312
538,1,6,114.36820210000,22.68999139000,312
1344,7,6,114.37047840000,22.69237230000,312
1741,1,3,114.08415870000,22.63955388000,313
301,1,5,114.08334220000,22.64486721000,313
688,1,5,113.85405670000,22.62132675000,314
1237,3,6,114.04319050000,22.55531317000,315
151,7,6,114.04060770000,22.55396988000,315
1640,1,5,114.36839560000,22.75704442000,316
638,1,6,114.37251380000,22.75848858000,316
874,1,6,114.29825520000,22.71040813000,317
343,1,8,114.30285740000,22.70917357000,317
544,1,4,113.82352340000,22.65109646000,318
7,9,5,114.06487850000,22.66256822000,319
1508,3,6,114.06431600000,22.65930162000,319
1240,4,6,114.06430490000,22.66169913000,319
824,1,2,114.39830740000,22.73835999000,320
1644,1,2,114.10616970000,22.60760021000,321
557,16,7,114.10649690000,22.61094789000,321
1604,1,7,113.83521060000,22.77728948000,322
448,1,8,113.83120900000,22.77552666000,322
1318,1,4,113.88850230000,22.74840589000,323
521,1,6,114.09234120000,22.55686737000,324
790,1,9,114.08892410000,22.55593280000,324
224,1,5,113.88567870000,22.54932036000,325
1622,9,5,113.88714950000,22.54821710000,325
93,3,6,113.88945580000,22.55207068000,325
1063,1,5,113.97549260000,22.68904289000,326
222,6,5,113.97644210000,22.69168650000,326
697,6,6,113.97498960000,22.69169669000,326
1235,12,6,113.97529480000,22.69317244000,326
1226,4,4,113.89485060000,22.55553054000,327
1886,3,5,113.89245340000,22.55678709000,327
1407,6,5,113.89558590000,22.55975525000,327
900,4,6,113.89751330000,22.55895035000,327
1892,4,6,113.89592330000,22.55770444000,327
454,3,6,114.05030590000,22.54837350000,328
177,1,12,114.05275400000,22.54581624000,328
1444,4,5,113.80735820000,22.73253642000,329
718,4,6,113.80164360000,22.73433586000,329
79,4,7,113.80507940000,22.73270332000,329
1887,1,8,113.80219430000,22.72996707000,329
1179,1,5,114.38089790000,22.71648088000,330
375,1,8,114.37855770000,22.71566580000,330
393,1,5,114.11859740000,22.69455967000,331
147,4,6,114.11984280000,22.69258345000,331
1068,1,7,114.20719820000,22.67346065000,332
1013,1,5,113.85040620000,22.60458662000,333
281,3,7,113.84621780000,22.60709838000,333
1394,1,4,113.78712580000,22.74874071000,334
702,3,6,114.21476300000,22.67006742000,335
1790,3,6,114.21530840000,22.66403332000,335
1174,10,6,114.21364530000,22.66512428000,335
1908,4,7,114.21445270000,22.66708474000,335
1503,7,5,114.10115950000,22.56392718000,336
1029,4,6,114.10003930000,22.56502572000,336
143,7,6,114.09840150000,22.56730906000,336
1386,7,6,114.09780110000,22.56489616000,336
1821,1,4,114.11349280000,22.53948341000,337
460,4,4,114.11269370000,22.53671292000,337
1988,1,6,114.11027310000,22.53560014000,337
908,4,6,114.11231090000,22.53964444000,337
1829,1,7,114.11617350000,22.53606598000,337
1685,1,6,114.52540900000,22.48126127000,338
891,6,6,114.04934140000,22.52799250000,339
1562,6,6,114.05280110000,22.52839215000,339
264,12,7,114.05263830000,22.52791946000,339
717,1,12,114.04691660000,22.53023611000,339
144,6,4,113.95241260000,22.54056660000,340
1620,1,5,113.94780520000,22.54218381000,340
878,4,7,113.95039230000,22.53759739000,340
492,1,2,113.98378540000,22.68785579000,341
913,1,8,113.98738200000,22.67939800000,341
1509,1,9,113.98626550000,22.68337143000,341
1610,1,7,113.94305370000,22.58455382000,342
586,1,8,113.94095640000,22.58717959000,342
1307,1,6,113.89926320000,22.73667783000,343
20,3,7,113.89992380000,22.73351768000,343
556,18,7,113.89856800000,22.73318991000,343
1818,1,8,113.89607510000,22.73534732000,343
245,12,6,114.22377260000,22.65744553000,344
1366,3,7,114.22667250000,22.66156578000,344
1455,1,5,114.02367590000,22.60839755000,345
1464,1,6,114.02093370000,22.61206549000,345
1654,3,6,114.12429080000,22.59420024000,346
940,1,7,114.12212670000,22.59185801000,346
160,1,2,114.17689580000,22.60025679000,347
240,1,4,114.03061770000,22.68109238000,348
1553,1,9,114.02941470000,22.68676409000,348
1946,1,6,113.91076170000,22.70816067000,349
1,1,7,113.91025970000,22.70883979000,349
111,3,6,114.12032580000,22.55337499000,350
1228,7,6,114.11832600000,22.55613069000,350
1124,3,8,114.12123140000,22.55498285000,350
1085,3,3,114.10832550000,22.54846201000,351
575,3,5,114.10729430000,22.54530759000,351
1454,6,5,114.10736530000,22.54638456000,351
1439,3,6,114.10900270000,22.54405475000,351
125,15,5,114.03054320000,22.56786856000,352
1298,1,8,114.03270870000,22.57168178000,352
920,1,7,114.07706940000,22.58454823000,353
47,3,5,113.93660900000,22.69505631000,354
855,6,5,113.93319440000,22.69939692000,354
1352,6,6,113.93731020000,22.69436325000,354
1091,9,6,113.93739790000,22.69690346000,354
1555,7,7,113.93389310000,22.69271946000,354
360,1,10,114.32672930000,22.78896473000,355
1837,1,6,113.93077820000,22.54961563000,356
889,3,7,113.92826860000,22.54430162000,356
1079,1,5,114.35470670000,22.74041881000,357
1696,6,4,113.90443650000,22.56528958000,358
789,1,5,113.90219150000,22.56688405000,358
185,4,6,113.90465670000,22.56309070000,358
1561,1,7,113.90419610000,22.56993921000,358
736,1,4,113.91795210000,22.64049539000,359
1967,1,8,114.48658190000,22.52547572000,360
459,1,7,114.25195710000,22.69252101000,361
1856,1,6,114.02582220000,22.70119786000,362
23,1,7,114.02307830000,22.69833295000,362
452,1,4,113.80460560000,22.77301208000,363
709,1,6,113.79923310000,22.77343671000,363
376,1,7,114.20659740000,22.65124861000,364
434,4,8,114.02163990000,22.55492223000,365
1842,3,6,114.22472680000,22.55089246000,366
374,15,6,114.22724320000,22.55294807000,366
1336,1,5,114.09806550000,22.60877089000,367
662,1,6,114.09433400000,22.61155495000,367
1869,1,4,114.00248110000,22.53454229000,368
1991,4,4,114.00170180000,22.53844942000,368
17,9,6,114.00020260000,22.53801399000,368
813,4,7,114.00231230000,22.53754663000,368
1339,1,3,114.13191170000,22.61247265000,369
1361,1,5,114.13078950000,22.60795176000,369
1686,10,4,113.83550520000,22.73310871000,370
845,1,7,113.83984950000,22.73391532000,370
1171,1,7,113.79724730000,22.68207025000,371
1468,1,9,114.22767350000,22.69908167000,372
781,1,5,114.29818120000,22.60276444000,373
1513,1,7,114.29735350000,22.59827544000,373
1630,1,6,114.26427980000,22.72773757000,374
870,9,6,114.26808290000,22.72611805000,374
1614,4,7,114.18765720000,22.64171731000,375
561,1,8,114.18741570000,22.63943232000,375
1118,3,4,114.09382390000,22.71533772000,376
201,1,5,114.09655410000,22.71515103000,376
1769,1,9,114.08987610000,22.71716742000,376
163,1,5,114.38425030000,22.74721594000,377
1669,1,5,114.38177900000,22.74317264000,377
737,1,2,114.01251060000,22.66960061000,378
1494,3,5,114.13067930000,22.70066274000,379
720,4,5,114.13201320000,22.70136743000,379
1771,1,3,114.07771500000,22.68210734000,380
228,1,4,114.07602890000,22.68500987000,380
606,1,1,113.98515350000,22.63400409000,381
1420,1,3,114.14686890000,22.61050373000,382
1511,1,4,114.14375290000,22.61199918000,382
1195,1,6,114.14575170000,22.61527207000,382
1137,7,5,114.30778430000,22.77649766000,383
1199,10,6,114.30275390000,22.78175690000,383
276,12,7,114.30559420000,22.78020938000,383
1858,1,4,114.11215490000,22.56746314000,384
1617,1,5,114.10820420000,22.56600147000,384
782,3,5,114.10867860000,22.56881750000,384
1913,6,5,114.10682520000,22.56675256000,384
1101,4,6,114.10531740000,22.56458393000,384
249,6,6,114.10757730000,22.56542913000,384
1730,1,1,113.93100810000,22.75180357000,385
470,7,5,113.88975510000,22.77264868000,386
344,15,5,113.88617370000,22.77852337000,386
665,10,6,113.88595860000,22.77620104000,386
156,9,7,113.88404950000,22.77197845000,386
126,1,12,114.49589430000,22.53713707000,387
1611,1,4,113.96254560000,22.56299590000,388
580,1,4,113.95930000000,22.56649390000,388
691,1,8,113.93488810000,22.80127313000,389
1158,3,6,114.14420970000,22.55434867000,390
704,4,6,114.14153420000,22.55200440000,390
1341,1,9,113.78223540000,22.70703794000,391
358,1,6,113.86298060000,22.63225643000,392
364,1,5,113.93166910000,22.49103627000,393
1340,3,6,113.93041820000,22.49132116000,393
1944,3,6,113.93055490000,22.49393397000,393
1263,1,7,113.93636620000,22.49177761000,393
1934,1,9,113.93452940000,22.48812469000,393
1496,1,3,114.05346580000,22.64360118000,394
220,1,7,114.05823380000,22.64511807000,394
979,1,6,113.92184660000,22.67235182000,395
1302,1,10,113.86804640000,22.60592680000,396
100,1,5,113.90458360000,22.80055712000,397
1017,9,6,113.90226670000,22.80123955000,397
1973,10,7,113.89987350000,22.80048424000,397
1180,7,5,113.80648360000,22.69279451000,398
1857,12,5,113.80588600000,22.69386518000,398
852,7,6,113.80769190000,22.68853372000,398
145,31,6,113.80893780000,22.69358773000,398
1306,7,6,114.11007980000,22.59688819000,399
1993,4,7,114.11127740000,22.60070354000,399
306,3,8,114.11288110000,22.59698631000,399
1678,1,0,113.82757290000,22.76687465000,400
649,1,6,113.83005180000,22.76261666000,400
1109,1,7,114.42491780000,22.63569076000,401
1421,1,7,114.42868450000,22.63870615000,401
1391,1,6,113.87286090000,22.57745346000,402
1680,1,11,113.86862640000,22.57508632000,402
1780,1,4,114.47955440000,22.58711497000,403
95,6,4,113.91423010000,22.54249797000,404
1145,3,5,113.91748050000,22.54253422000,404
945,9,5,113.91545260000,22.54687170000,404
989,4,6,113.91639980000,22.54076930000,404
2000,4,6,113.91325830000,22.54139477000,404
1181,1,4,113.94441440000,22.68440914000,405
124,4,6,113.93976200000,22.68152591000,405
1704,9,6,113.94086640000,22.68395925000,405
696,1,3,113.83650170000,22.61054379000,406
993,13,5,114.34807040000,22.68461142000,407
623,7,6,114.34971350000,22.68200732000,407
1230,1,7,114.35422200000,22.68195218000,407
321,1,7,114.24551480000,22.58682760000,408
1279,1,8,114.24180020000,22.58777730000,408
814,3,4,114.02115540000,22.71756814000,409
73,12,6,114.02247730000,22.71906310000,409
1375,1,7,114.02166290000,22.72252537000,409
214,1,5,114.28351380000,22.69463549000,410
1717,1,6,114.28615320000,22.69785208000,410
818,1,6,114.28394930000,22.69685835000,410
1566,1,4,113.85941290000,22.76057567000,411
540,6,5,113.86253310000,22.76690384000,411
1024,9,5,113.86281790000,22.76397714000,411
1706,10,6,113.86583400000,22.76396890000,411
146,7,7,113.89339400000,22.52991899000,412
1694,7,5,113.91521160000,22.75330155000,413
109,6,6,113.91361980000,22.75392260000,413
1186,15,6,113.91633840000,22.75311265000,413
529,3,7,113.91866370000,22.75398925000,413
287,1,9,113.93274810000,22.60127310000,414
869,1,5,113.91380980000,22.56441558000,415
1731,1,5,113.91424690000,22.56081057000,415
116,3,7,113.91549860000,22.56367232000,415
1062,1,8,113.88014760000,22.49715906000,416
1855,10,6,114.35594610000,22.72906025000,417
13,16,6,114.35407800000,22.73202023000,417
614,16,6,114.35285750000,22.73095144000,417
1449,1,7,113.81308110000,22.78087983000,418
1316,1,12,113.92584420000,22.73630744000,419
1793,1,5,114.32940270000,22.68940797000,420
607,3,6,114.33306330000,22.68766649000,420
1423,3,6,114.33491980000,22.68441780000,420
785,1,5,113.89223040000,22.79108217000,421
1070,1,6,113.89010710000,22.79355579000,421
657,1,5,113.93387040000,22.49890379000,422
1095,1,5,113.93552890000,22.49530704000,422
436,4,5,113.93002320000,22.49609475000,422
193,1,6,113.93592700000,22.50157734000,422
1801,1,4,114.05127360000,22.65620457000,423
973,1,12,114.05208490000,22.65155405000,423
1256,1,10,114.13469340000,22.55978304000,424
333,1,6,113.87417390000,22.81789539000,425
1236,1,4,113.85531010000,22.72310990000,426
1627,1,6,114.15614880000,22.64686208000,427
305,1,6,114.41280620000,22.69650582000,428
862,1,5,113.97224200000,22.67589127000,429
91,22,6,113.97272470000,22.67901419000,429
599,1,2,113.84495860000,22.57688309000,430
175,1,6,113.97222970000,22.61881648000,431
510,4,5,114.25677540000,22.59454000000,432
1185,7,5,114.25175920000,22.59563562000,432
208,7,6,114.25292760000,22.59458343000,432
371,7,5,113.83944280000,22.80603833000,433
769,1,7,113.98877250000,22.66377330000,434
731,9,6,113.92116850000,22.48956803000,435
574,3,7,113.92263970000,22.49101140000,435
1565,9,7,113.92330960000,22.48701859000,435
1659,3,4,114.10248300000,22.54850495000,436
1905,1,5,114.09656570000,22.55358690000,436
1580,4,5,114.09973190000,22.55037986000,436
332,3,6,114.10015850000,22.54767218000,436
821,4,6,114.09843860000,22.55062650000,436
553,10,6,114.30240760000,22.66862423000,437
257,4,7,114.30066690000,22.66744450000,437
184,1,3,113.98531280000,22.56103544000,438
816,1,3,113.98807850000,22.56578367000,438
1524,4,5,113.98780060000,22.55975706000,438
1470,4,6,113.98266630000,22.56202226000,438
1665,3,4,113.82866190000,22.71792127000,439
532,1,5,113.83216540000,22.71637024000,439
732,7,6,113.83044350000,22.72056188000,439
231,1,2,113.99374080000,22.69560480000,440
969,1,0,113.88831700000,22.70280065000,441
150,1,5,114.05059030000,22.50486884000,442
1343,1,7,114.05422780000,22.50812932000,442
1090,1,10,114.05024260000,22.50809644000,442
99,1,3,114.29565730000,22.69534430000,443
1457,1,5,114.29032570000,22.68875427000,443
283,10,5,114.29277600000,22.69000621000,443
615,7,6,114.29383270000,22.69169414000,443
959,9,5,114.30591530000,22.67750201000,444
804,4,7,114.30565560000,22.67776441000,444
32,15,6,113.85640830000,22.58683717000,445
918,19,6,113.85350250000,22.58899355000,445
1104,6,7,113.85411310000,22.58583387000,445
1532,3,6,114.12994300000,22.58690043000,446
1772,1,7,114.12637550000,22.58731768000,446
716,3,7,114.12835570000,22.58528249000,446
915,1,3,114.07069530000,22.69695963000,447
1608,1,7,114.06714310000,22.69392022000,447
941,1,5,114.37326630000,22.72921063000,448
484,1,9,114.37701220000,22.73284122000,448
895,1,5,114.02686880000,22.59775455000,449
1634,1,3,113.91445930000,22.58669471000,450
672,3,5,113.91780140000,22.58933052000,450
502,1,3,114.36136850000,22.71192628000,451
533,1,5,113.90651740000,22.76591498000,452
1977,1,7,113.90228790000,22.76630225000,452
562,1,10,113.79310530000,22.67053428000,453
255,1,3,114.03272640000,22.63754927000,454
1629,1,5,114.02727100000,22.64261418000,454
1245,1,7,114.03062530000,22.64108585000,454
1092,1,2,114.04971830000,22.72134663000,455
1050,1,6,113.91420890000,22.78145630000,456
1713,1,6,114.11329820000,22.57428937000,457
1213,4,6,114.11516610000,22.57749664000,457
1893,7,6,114.11823040000,22.57753854000,457
491,1,6,113.91923660000,22.76820020000,458
890,1,6,113.91551540000,22.77062582000,458
523,1,4,114.04506570000,22.52313116000,459
1175,1,5,114.04519680000,22.51998201000,459
170,4,6,114.04800360000,22.52222931000,459
1294,4,6,114.04533320000,22.52519153000,459
1377,7,6,114.04710870000,22.52528895000,459
1329,1,5,113.88919210000,22.59012776000,460
859,3,7,113.88372850000,22.48154320000,461
728,1,6,113.91276260000,22.50520050000,462
1920,1,7,113.91609890000,22.50866584000,462
1998,1,6,113.95707100000,22.58832707000,463
589,1,7,113.95989520000,22.59175659000,463
291,1,10,113.81844810000,22.73843018000,464
1860,1,5,114.05582700000,22.52545213000,465
942,3,6,114.05783200000,22.52437197000,465
83,9,7,114.05615190000,22.52085777000,465
1596,6,4,113.93654280000,22.76215335000,466
1571,1,4,114.25496720000,22.57753579000,467
548,1,4,114.25215230000,22.57936750000,467
1436,1,5,114.03950110000,22.60753726000,468
12,7,5,114.03842500000,22.60635488000,468
1776,3,6,114.03888800000,22.60976632000,468
675,10,6,114.03721340000,22.60215828000,468
991,13,6,114.03973490000,22.60502010000,468
725,4,5,114.09462580000,22.54159553000,469
195,7,5,114.09751930000,22.54150892000,469
1763,4,6,114.09249040000,22.53984459000,469
75,4,5,113.98065100000,22.70610151000,470
1146,7,5,113.97943510000,22.70356875000,470
949,4,7,113.98346110000,22.70496746000,470
948,6,7,113.97806340000,22.70533032000,470
409,12,6,114.05276240000,22.63151064000,471
1521,1,7,114.04744150000,22.62730432000,471
1902,3,7,114.05103370000,22.62944011000,471
1335,9,7,114.05118730000,22.63203238000,471
458,15,8,114.04934090000,22.62867141000,471
974,1,12,114.28906180000,22.73805887000,472
335,9,6,114.04499310000,22.70374768000,473
700,12,6,114.04307910000,22.70246802000,473
1094,12,7,114.04390880000,22.70144053000,473
1153,3,4,114.16749350000,22.56881687000,474
509,4,5,114.16651080000,22.56985691000,474
1196,6,5,114.16587510000,22.56822887000,474
1846,7,5,114.16663630000,22.56716841000,474
28,6,6,114.16757480000,22.56701620000,474
780,3,7,114.16320000000,22.56587505000,474
1107,1,7,113.83839200000,22.58838925000,475
1599,1,4,114.02099370000,22.53307745000,476
677,1,5,114.01906110000,22.53329182000,476
536,4,6,113.98213440000,22.54958485000,477
1936,1,9,113.98230030000,22.54531866000,477
1450,1,4,114.30515190000,22.73062758000,478
687,1,6,113.94264840000,22.73934999000,479
1657,1,8,113.94568020000,22.73574090000,479
348,1,5,114.24205520000,22.65497428000,480
395,1,8,114.08515910000,22.72977703000,481
331,6,5,113.79853270000,22.72284588000,482
1721,1,7,113.79731680000,22.72289886000,482
570,1,5,114.04913430000,22.73364824000,483
1862,1,2,113.84402450000,22.77613656000,484
965,1,11,113.84054570000,22.77479493000,484
881,1,8,113.77963000000,22.74116414000,485
1428,1,5,113.95397520000,22.70654651000,486
632,1,6,113.95355170000,22.71043548000,486
209,4,6,114.13233600000,22.54514773000,487
1491,1,3,113.87618480000,22.79295095000,488
1531,7,6,113.87767590000,22.79603212000,488
179,13,4,114.27996840000,22.71391601000,489
394,9,5,113.86736050000,22.75687393000,490
904,4,9,113.86684370000,22.75344339000,490
194,10,5,113.81084480000,22.66372012000,491
1200,9,7,113.81295830000,22.66351006000,491
722,9,5,114.35979800000,22.74479107000,492
946,3,5,113.92145640000,22.55194356000,493
352,6,5,113.92552010000,22.55199874000,493
215,1,8,113.92055790000,22.55012066000,493
566,1,4,113.85449790000,22.79091959000,494
1282,10,6,113.85337920000,22.79331007000,494
934,4,7,113.85471770000,22.78724817000,494
1465,6,5,114.22106040000,22.70565195000,495
744,12,7,114.21881270000,22.70647369000,495
528,1,7,113.83830810000,22.81741923000,496
506,1,4,114.52293260000,22.65319931000,497
1000,1,4,114.10923810000,22.55806886000,498
849,4,5,114.11494110000,22.55617348000,498
1625,3,7,114.11413170000,22.55768665000,498
1623,1,3,113.88787110000,22.75671810000,499
418,1,4,113.89243790000,22.75471606000,499
777,1,6,113.83913010000,22.69594730000,500
1864,4,5,114.09949880000,22.70120735000,501
522,1,6,114.09695440000,22.70019504000,501
1683,3,7,114.09605550000,22.70231735000,501
1370,3,4,113.85537030000,22.78458004000,502
1517,4,5,113.85819490000,22.78112730000,502
1684,4,6,113.85843210000,22.78594103000,502
104,4,7,113.85596880000,22.78292049000,502
924,4,7,113.85770260000,22.78463443000,502
868,1,8,113.91866950000,22.66249030000,503
355,1,7,114.27066090000,22.69643868000,504
1193,1,9,114.11619100000,22.66686081000,505
417,1,6,113.96442450000,22.53364804000,506
579,1,4,114.11163170000,22.71088623000,507
1163,1,8,113.94511370000,22.52123953000,508
1155,1,5,113.93655880000,22.55688771000,509
158,1,8,113.93954110000,22.55900617000,509
910,1,4,114.47339860000,22.55212083000,510
1358,1,5,113.97215740000,22.73531601000,511
1698,1,7,113.93704250000,22.53714623000,512
541,7,5,114.09576790000,22.56965336000,513
1712,4,6,114.09833120000,22.57080970000,513
911,3,8,114.10064150000,22.57159727000,513
1038,1,10,114.06769190000,22.67689567000,514
779,10,4,114.15840630000,22.56203742000,515
203,6,6,114.16017600000,22.56290864000,515
10,1,4,113.91859200000,22.51236448000,516
1539,6,4,113.91901280000,22.51321805000,516
1545,3,6,114.10919960000,22.58050961000,517
107,9,6,114.11081900000,22.58087471000,517
1051,9,6,114.11340990000,22.58262354000,517
791,6,7,114.11405200000,22.58111726000,517
605,1,7,114.13045230000,22.70820346000,518
1900,1,7,114.13214080000,22.71155094000,518
715,1,5,114.24196310000,22.73399160000,519
914,1,6,113.82454790000,22.63921669000,520
1147,1,5,114.07630450000,22.55344285000,521
244,1,7,114.04014480000,22.56528493000,522
1242,1,4,113.93170050000,22.61088634000,523
937,3,4,113.93661700000,22.52098472000,524
1507,1,3,114.04121300000,22.59655700000,525
328,1,4,114.04397660000,22.59658907000,525
1295,1,6,114.05594600000,22.67616114000,526
112,38,6,114.05883350000,22.67214750000,526
342,1,7,114.09991560000,22.65012515000,527
330,1,5,114.01472880000,22.67646163000,528
1927,1,6,114.25671550000,22.71858552000,529
866,3,5,114.12985990000,22.57173101000,530
645,7,6,114.12765730000,22.56922832000,530
1676,1,17,114.00749930000,22.58507887000,531
981,1,5,113.84964570000,22.75600839000,532
1877,1,3,114.51160990000,22.54292441000,533
1434,1,6,113.91090490000,22.73773833000,534
1100,1,7,113.99524550000,22.53336330000,535
654,4,7,113.99238370000,22.53432495000,535
1914,1,10,113.99431700000,22.53061626000,535
1133,1,5,113.78514650000,22.68897935000,536
1371,1,3,113.97058890000,22.54983022000,537
1976,1,6,113.94635990000,22.58306622000,538
427,7,6,113.94762290000,22.58294055000,538
1831,1,6,113.90896540000,22.72680160000,539
227,1,4,114.30791170000,22.68971649000,540
1249,1,12,114.40544040000,22.76453241000,541
1739,1,5,114.00696260000,22.53846962000,542
432,4,6,114.00653490000,22.53508309000,542
247,3,7,114.00797310000,22.53878260000,542
916,1,4,114.27411710000,22.72922143000,543
1251,9,5,114.27169910000,22.73238696000,543
233,7,6,114.27124050000,22.72947524000,543
103,3,4,113.92341220000,22.52390294000,544
1479,3,4,113.92334800000,22.52748287000,544
270,4,6,113.91881090000,22.52865771000,544
1493,6,6,113.92034050000,22.52584429000,544
590,7,6,113.91874720000,22.52439096000,544
1234,1,4,114.32075120000,22.76124526000,545
403,1,5,114.32275100000,22.76383662000,545
98,1,8,114.24822740000,22.72613882000,546
369,1,7,113.82069710000,22.75419266000,547
1485,1,5,113.84097040000,22.62437861000,548
46,3,5,113.84260660000,22.62473042000,548
1975,1,6,113.83907530000,22.62742872000,548
1965,3,5,114.31996580000,22.72416385000,549
223,1,8,114.32024220000,22.72687356000,549
1578,1,1,113.89975260000,22.54463128000,550
1796,1,5,113.89840320000,22.53934173000,550
329,1,4,114.30952220000,22.67753944000,551
909,6,4,114.31095080000,22.68307151000,551
685,3,6,114.31268960000,22.67781950000,551
1184,1,5,113.86786440000,22.80466662000,552
923,1,7,113.86546550000,22.80767375000,552
1568,3,8,113.86368820000,22.80287524000,552
1827,1,6,114.24690770000,22.56876552000,553
26,15,6,114.24544790000,22.56920854000,553
1309,1,8,114.24841030000,22.57150010000,553
1547,9,6,113.96342080000,22.70353264000,554
1012,1,7,113.95973420000,22.70580658000,554
96,7,7,113.96275320000,22.70352140000,554
299,3,7,113.99781610000,22.59332402000,555
1584,1,15,114.03012390000,22.63180182000,556
617,1,7,114.49817040000,22.56843849000,557
1868,1,3,113.92569550000,22.68654991000,558
1304,1,7,113.92383740000,22.68984642000,558
683,1,8,113.92792670000,22.68945324000,558
565,1,2,113.95137330000,22.55799873000,559
749,1,6,113.90902280000,22.51559960000,560
860,13,5,114.02543990000,22.71858525000,561
1997,15,5,114.02635200000,22.71819194000,561
943,1,6,114.02590820000,22.71372233000,561
1587,4,6,114.02608990000,22.71249218000,561
334,16,6,114.02457000000,22.71586032000,561
1456,13,7,114.02334670000,22.71473292000,561
684,1,4,114.11199230000,22.58738683000,562
1290,3,6,114.11489390000,22.58857210000,562
1981,1,7,114.11331310000,22.59177234000,562
1849,1,4,114.07096730000,22.52756307000,563
300,1,5,114.07251470000,22.53077245000,563
1502,1,5,114.39679880000,22.75156799000,564
967,1,0,114.32360320000,22.67782678000,565
1332,1,7,114.32464740000,22.68199981000,565
428,1,7,113.93455080000,22.57649825000,566
315,3,3,114.07466990000,22.65832693000,567
1749,16,5,113.97710940000,22.55295138000,568
48,6,6,113.97494350000,22.55417554000,568
809,10,6,113.97757320000,22.55456590000,568
1372,3,7,113.97463110000,22.55599729000,568
391,3,5,113.97926340000,22.53515726000,569
1813,4,5,113.98260900000,22.53720525000,569
1422,1,6,113.97706780000,22.53335577000,569
1487,6,6,113.97920340000,22.53710032000,569
161,13,6,113.97853980000,22.54016309000,569
875,1,6,113.83373700000,22.72531168000,570
1711,1,7,113.83676900000,22.72610401000,570
439,1,6,113.94705500000,22.53382191000,571
1664,1,8,113.94703020000,22.53035713000,571
842,1,5,114.28180290000,22.58864071000,572
1019,3,6,114.06213970000,22.54992919000,573
659,3,7,114.05972370000,22.54928869000,573
8,3,8,114.06090990000,22.54647816000,573
1546,1,2,114.22821880000,22.54732311000,574
1001,1,5,114.23143160000,22.55066269000,574
719,1,6,114.23380120000,22.55185570000,574
846,1,6,114.31980280000,22.60277412000,575
998,1,3,114.29936790000,22.67869917000,576
1643,1,4,114.29742530000,22.67779263000,576
1994,1,5,114.28476910000,22.67326189000,577
1814,7,5,114.28791900000,22.67430823000,577
327,12,6,114.28694300000,22.67413567000,577
1395,12,6,114.28934060000,22.67518895000,577
1823,1,5,114.31250330000,22.76496770000,578
1605,1,4,114.21822040000,22.64907737000,579
1337,6,6,114.12743770000,22.60239706000,580
117,10,6,114.12579540000,22.60013428000,580
424,3,8,114.12784070000,22.60030487000,580
1452,1,5,113.92755890000,22.50061021000,581
162,3,5,113.92315020000,22.49337282000,581
1781,6,6,113.92381360000,22.49746903000,581
1311,1,4,114.37830820000,22.75588524000,582
1099,1,5,114.37747380000,22.75182517000,582
1385,1,5,113.94890890000,22.56717642000,583
404,1,3,114.14256350000,22.67988803000,584
571,1,5,113.79745670000,22.71388256000,585
1301,1,1,113.93030110000,22.51106117000,586
534,1,5,113.93450700000,22.51140857000,586
1876,4,4,114.10749370000,22.54258289000,587
192,1,5,114.10994520000,22.54148756000,587
1930,3,5,114.10924730000,22.54047114000,587
1315,3,6,114.10847910000,22.54186655000,587
1658,6,8,114.11164770000,22.54224176000,587
1458,7,5,113.82820470000,22.73376795000,588
1381,9,5,113.82532980000,22.73559000000,588
947,4,6,113.82951590000,22.73846404000,588
1347,1,5,114.33243780000,22.69398811000,589
660,4,6,114.33711400000,22.69297766000,589
990,7,7,114.33985820000,22.69075422000,589
1904,1,3,113.86580540000,22.58441702000,590
1183,3,5,114.05189270000,22.53572640000,591
1098,4,5,114.04744840000,22.53689171000,591
386,1,6,114.05034340000,22.53989599000,591
793,3,5,113.94211060000,22.57569068000,592
172,3,6,113.94269470000,22.57681941000,592
631,1,4,114.31392150000,22.71418306000,593
1005,1,7,114.31037980000,22.71205223000,593
1863,1,3,113.78864660000,22.75739522000,594
354,1,3,114.21818550000,22.75663067000,595
325,1,8,114.28968980000,22.75949341000,596
127,13,6,114.33522690000,22.67480048000,597
762,1,7,114.33322600000,22.67345451000,597
1674,1,7,114.33262190000,22.70345535000,598
905,1,5,114.36655480000,22.68354887000,599
1812,1,6,113.87758010000,22.79067888000,600
1350,6,6,113.87450230000,22.78801616000,600
591,1,7,113.87710760000,22.78763753000,600
512,1,3,114.03467940000,22.67231938000,601
133,7,5,113.92599020000,22.71932507000,602
569,6,5,114.30355640000,22.77255353000,603
1262,1,6,114.30055740000,22.77149609000,603
58,7,6,114.02196700000,22.61886057000,604
930,1,8,113.99455420000,22.65716514000,605
1835,1,8,113.99943980000,22.65688835000,605
1918,1,5,114.02524610000,22.56778933000,606
18,1,6,114.48130310000,22.57814012000,607
1883,1,8,114.48465290000,22.57625419000,607
121,1,5,114.13512850000,22.57433630000,608
603,1,5,114.13771130000,22.57841481000,608
1390,1,6,114.13922710000,22.57527054000,608
262,1,8,113.93167670000,22.73374994000,609
1907,1,12,113.93564370000,22.73294475000,609
865,1,3,114.12123960000,22.61279607000,610
1594,1,8,114.01963400000,22.66877246000,611
308,12,5,113.82325850000,22.73145729000,612
1052,3,7,113.81927110000,22.72697403000,612
1609,7,7,113.82287670000,22.72819150000,612
996,10,5,113.88243660000,22.76793183000,613
1144,1,9,113.87846590000,22.76878483000,613
1942,13,4,114.08910340000,22.70606051000,614
271,1,8,114.08878330000,22.70541473000,614
485,1,11,113.87557980000,22.58870565000,615
800,1,7,114.00957280000,22.68410389000,616
1983,1,4,113.86175890000,22.57155632000,617
1695,1,4,113.96570330000,22.58744293000,618
368,4,7,114.32170290000,22.66619204000,619
1896,1,2,114.07090980000,22.55199265000,620
581,1,5,114.06987800000,22.55375856000,620
831,7,6,113.91823860000,22.56843843000,621
500,6,9,113.91932530000,22.56805340000,621
88,1,8,114.09974030000,22.72885792000,622
1142,4,8,114.09893970000,22.72484684000,622
1753,10,5,114.12722730000,22.69348192000,623
1082,1,6,114.13153660000,22.69459647000,623
200,3,6,114.12839970000,22.69538598000,623
1559,4,6,114.12367090000,22.69598390000,623
1069,3,4,113.90035680000,22.56407266000,624
812,7,5,113.89426760000,22.56341280000,624
130,9,5,113.89755210000,22.56315098000,624
1168,1,4,114.09953600000,22.57721134000,625
253,1,6,114.10144970000,22.58186443000,625
853,9,6,114.10483980000,22.57973014000,625
370,1,6,114.03618530000,22.50864622000,626
1117,3,5,113.88392730000,22.58412415000,627
1738,12,6,113.88217970000,22.58839162000,627
63,1,7,113.88332730000,22.58727144000,627
1250,1,4,114.01041620000,22.63111842000,628
134,12,6,114.00639900000,22.63164524000,628
1621,1,9,113.88211790000,22.81945596000,629
213,1,5,114.35622050000,22.71680927000,630
594,6,7,114.35307420000,22.71649015000,630
430,4,6,113.98343990000,22.74001975000,631
114,6,6,113.98468570000,22.74207342000,631
1642,7,6,113.98383700000,22.73934577000,631
1523,9,6,113.98228180000,22.73983526000,631
310,4,5,113.91573430000,22.53494820000,632
1170,7,5,113.91720580000,22.53788675000,632
1208,10,6,113.83366170000,22.63291191000,633
1661,7,5,113.97844480000,22.59016070000,634
81,9,6,113.97971370000,22.59038395000,634
1154,6,7,113.98276630000,22.58898209000,634
1783,3,8,113.98046600000,22.58806702000,634
1389,3,5,114.06246330000,22.53793854000,635
1582,6,5,114.06260940000,22.53438954000,635
608,1,6,114.06379970000,22.53264805000,635
1922,1,11,114.36604990000,22.76604231000,636
102,1,4,114.00419790000,22.73380776000,637
1697,1,6,114.07732150000,22.70524286000,638
132,1,9,114.07876730000,22.70839207000,638
1844,1,5,114.12164180000,22.68350161000,639
885,1,8,114.11677980000,22.68602797000,639
1364,4,8,114.11703300000,22.68875655000,639
1264,1,3,114.01471480000,22.66305665000,640
861,1,5,114.01584730000,22.65899026000,640
585,1,6,113.85517220000,22.73321983000,641
1899,1,7,113.85399260000,22.73017392000,641
1300,1,1,114.13540230000,22.63396417000,642
138,9,5,114.21696940000,22.61605202000,643
447,10,6,114.22011160000,22.61593604000,643
893,10,7,114.21924330000,22.61369560000,643
1328,1,8,114.06436810000,22.62765762000,644
1595,1,6,114.32171100000,22.69502726000,645
819,1,6,114.32185600000,22.69257959000,645
1071,3,6,114.08917920000,22.54178278000,646
318,4,6,114.08707980000,22.54738986000,646
1277,4,6,114.08549150000,22.54236467000,646
1433,4,6,114.08714500000,22.54447704000,646
45,7,6,114.08607170000,22.54215350000,646
738,7,7,114.08767730000,22.54429692000,646
637,1,6,114.51650820000,22.48185889000,647
1527,1,8,114.01186140000,22.65099043000,648
1252,1,12,114.03710860000,22.66415043000,649
421,4,5,114.12669640000,22.55171362000,650
871,7,7,114.12784400000,22.54968325000,650
1032,4,7,113.94092970000,22.67856240000,651
1728,3,5,113.89164270000,22.76205659000,652
783,10,5,113.88853040000,22.76398206000,652
211,7,6,113.89166750000,22.76493968000,652
241,1,6,114.15788790000,22.60869288000,653
416,12,5,113.99520240000,22.67630999000,654
1247,1,6,113.99419470000,22.67925837000,654
1824,1,7,113.99839300000,22.68003742000,654
50,12,5,113.92755330000,22.63746989000,655
359,7,6,113.92777830000,22.63486006000,655
1956,7,7,113.92968070000,22.63566823000,655
1514,1,4,113.82668600000,22.66530047000,656
135,6,5,114.10284400000,22.60151047000,657
834,1,10,114.10027510000,22.60137554000,657
1765,1,2,113.96087530000,22.57413413000,658
832,6,6,114.10083770000,22.70977353000,659
624,1,5,114.08333170000,22.69787035000,660
1766,1,9,114.08684290000,22.69738924000,660
377,3,5,114.05459560000,22.61293956000,661
336,12,5,114.05657480000,22.60853596000,661
1018,12,6,114.05577760000,22.60844327000,661
1333,1,5,113.90768400000,22.55657403000,662
952,4,5,113.91083310000,22.56101393000,662
1954,4,5,113.90538410000,22.56150759000,662
385,3,6,113.90688160000,22.55884521000,662
1834,6,7,113.90866300000,22.55931731000,662
1211,1,4,113.90153600000,22.75932862000,663
1616,3,4,114.04667170000,22.64186821000,664
706,1,6,114.04821770000,22.63929365000,664
689,6,5,113.88813890000,22.73306130000,665
1480,1,6,113.89059470000,22.73000799000,665
1497,13,5,114.27816370000,22.66588492000,666
912,6,6,114.27634490000,22.66553309000,666
1552,6,6,114.27599610000,22.66624632000,666
256,25,7,114.27405630000,22.66432683000,666
858,1,8,114.30383860000,22.71690076000,667
22,1,10,114.30804760000,22.72019630000,667
191,1,5,114.09161620000,22.54922200000,668
1841,4,5,114.08809120000,22.54866053000,668
1875,4,5,114.09135690000,22.55105788000,668
1577,3,6,114.09003700000,22.55279588000,668
1949,4,7,114.09332920000,22.55225873000,668
246,15,5,113.80595910000,22.72585783000,669
1569,4,6,113.80419870000,22.72450110000,669
1007,7,6,113.80343050000,22.72774484000,669
1206,1,6,114.24348920000,22.60829367000,670
748,6,5,114.34295190000,22.69030182000,671
43,1,6,114.34551820000,22.69364353000,671
1590,1,6,114.34846940000,22.69261081000,671
661,1,7,114.27558430000,22.74486627000,672
1791,1,6,114.02609630000,22.61527902000,673
204,4,8,114.02672110000,22.61250881000,673
1563,1,6,114.33855190000,22.75543252000,674
1004,4,5,114.24821860000,22.59776200000,675
85,1,6,114.24438630000,22.59896703000,675
406,24,6,114.24280040000,22.59690423000,675
1201,4,7,114.24161650000,22.59754102000,675
876,10,7,114.24192460000,22.59991473000,675
648,1,6,113.92222230000,22.78389786000,676
1026,3,3,113.88912040000,22.53739654000,677
919,1,9,114.41425070000,22.63855059000,678
872,1,5,113.94869250000,22.78265274000,679
1606,1,5,114.25082910000,22.73397813000,680
1177,1,0,113.89829540000,22.70779894000,681
1745,1,3,114.03183200000,22.70150831000,682
515,3,6,114.03512140000,22.70578917000,682
770,4,6,114.03688460000,22.69956761000,682
1797,7,7,114.03612680000,22.70296152000,682
105,4,6,113.95222020000,22.74086001000,683
497,1,6,114.04538130000,22.75277193000,684
282,1,4,113.85030560000,22.72011299000,685
1258,1,7,113.85196030000,22.72271089000,685
1653,6,5,113.86676900000,22.77734068000,686
27,7,5,113.86401550000,22.77778619000,686
1560,4,6,113.86289210000,22.77890140000,686
389,1,5,113.86123190000,22.60173099000,687
480,1,2,114.29392220000,22.66603796000,688
1519,9,5,114.29712040000,22.66592680000,688
1871,10,5,114.29876440000,22.66638696000,688
1128,7,6,114.29625420000,22.67087114000,688
1429,7,5,113.87337250000,22.80199630000,689
1319,3,6,113.88241440000,22.80302301000,689
560,4,7,113.87820140000,22.80174354000,689
1575,4,6,113.91800580000,22.51905186000,690
1951,10,6,113.91799870000,22.52103680000,690
1909,1,11,114.33339450000,22.78563924000,691
1286,9,5,113.96428250000,22.69510751000,692
1589,7,5,113.81309720000,22.67135060000,693
1709,1,8,114.20081660000,22.65662947000,694
1054,1,6,114.13822910000,22.61523669000,695
399,7,5,114.09845490000,22.56231854000,696
1970,7,5,114.10074530000,22.56119629000,696
1027,6,6,114.10022780000,22.55934728000,696
473,9,6,114.10296970000,22.56225704000,696
828,9,6,114.09732390000,22.56018749000,696
1726,1,4,113.79539630000,22.73625293000,697
69,1,2,113.88305760000,22.78228449000,698
1431,7,5,113.88304670000,22.77975433000,698
1225,1,7,113.91639770000,22.70164617000,699
1785,1,3,114.00651760000,22.55598372000,700
1023,1,6,114.00198500000,22.55497442000,700
820,1,5,114.10331670000,22.69059239000,701
65,3,5,114.10201000000,22.69407699000,701
695,1,3,114.13345280000,22.60298027000,702
1808,1,4,114.13370820000,22.60508035000,702
1628,4,6,114.02971760000,22.60251452000,703
514,1,7,114.02663780000,22.60487017000,703
29,4,5,114.00176380000,22.59835539000,704
997,6,5,113.99962220000,22.59762697000,704
1847,1,6,113.99832960000,22.59664203000,704
1207,6,6,113.99940690000,22.59566589000,704
1947,1,5,113.99539410000,22.68750576000,705
1453,4,5,113.82105210000,22.72300151000,706
67,3,6,113.82317670000,22.72501696000,706
764,6,7,113.81967950000,22.72201519000,706
1968,1,11,114.12888020000,22.67193019000,707
64,9,5,114.10320370000,22.61256999000,708
1166,9,6,114.10515490000,22.61561844000,708
1382,1,4,114.07186290000,22.54517922000,709
1985,6,5,114.07828220000,22.54161729000,709
494,4,6,114.07562140000,22.54146822000,709
884,1,7,114.06268780000,22.52638482000,710
707,1,7,113.92193190000,22.76063276000,711
756,1,6,114.13449210000,22.66603443000,712
1045,10,5,114.28609630000,22.71315916000,713
552,7,6,114.28402420000,22.71201631000,713
1253,13,6,114.28296520000,22.71134089000,713
59,3,4,114.21750720000,22.66480641000,714
568,6,4,114.21862010000,22.66483449000,714
1401,9,5,114.22195860000,22.66266495000,714
1583,9,7,114.21815810000,22.66723552000,714
931,1,8,114.02377810000,22.74029550000,715
449,1,6,114.42454960000,22.62846360000,716
1308,1,5,114.11869040000,22.62107604000,717
520,1,3,113.94917800000,22.68319431000,718
983,3,5,114.31753000000,22.70012994000,719
297,4,5,114.31930740000,22.69971266000,719
1979,1,6,114.31722030000,22.70293181000,719
1387,1,8,113.78319020000,22.72462440000,720
106,1,3,113.93601450000,22.79239129000,721
516,1,4,114.11569960000,22.65994584000,722
1687,1,3,114.09817030000,22.53641136000,723
651,4,4,114.09625940000,22.53877288000,723
1928,6,6,114.09887470000,22.53977534000,723
742,7,5,114.09055310000,22.57029926000,724
1164,3,6,114.09224630000,22.56915826000,724
1490,1,6,114.03004150000,22.74811872000,725
1550,6,4,113.97430990000,22.68119216000,726
1631,4,7,113.97380400000,22.68229435000,726
1326,1,5,113.87902270000,22.59653042000,727
786,1,6,114.06568620000,22.64385302000,728
1641,9,5,114.32157460000,22.70437613000,729
97,18,6,114.32410880000,22.70349751000,729
21,1,8,114.12161010000,22.70860227000,730
1437,3,5,114.31091080000,22.66914078000,731
1787,12,6,114.30872800000,22.66810603000,731
644,37,6,114.23872130000,22.56366033000,732
349,4,7,114.24038080000,22.56172185000,732
1915,1,6,113.88423170000,22.78905087000,733
1570,1,6,114.22524030000,22.63378122000,734
1131,1,5,114.23471280000,22.69894134000,735
642,1,6,113.93642440000,22.75496381000,736
1558,1,4,114.00835730000,22.75268468000,737
1794,13,5,114.01135780000,22.75547297000,737
19,22,5,114.01147760000,22.75336327000,737
1798,1,3,114.05475540000,22.56666808000,738
1221,1,10,114.16535190000,22.59606367000,739
1049,1,12,114.04086150000,22.65806421000,740
810,1,2,113.95881590000,22.69329109000,741
323,3,5,114.33889990000,22.68548423000,742
1940,6,5,114.34603700000,22.68500576000,742
1349,4,6,114.34398780000,22.68544918000,742
1096,1,4,114.08175370000,22.72231059000,743
848,1,6,113.96571040000,22.68064020000,744
254,1,6,113.84640760000,22.74194233000,745
564,1,3,114.05039170000,22.59484860000,746
1567,9,6,114.04832020000,22.59821908000,746
1219,1,7,114.05160280000,22.60126051000,746
1836,1,7,114.04184530000,22.63716316000,747
1227,1,10,114.04167750000,22.62253209000,748
741,3,5,114.26507620000,22.59260631000,749
1280,4,5,114.26560720000,22.59025621000,749
1874,9,6,114.26638420000,22.58862581000,749
221,1,7,114.26820860000,22.58960719000,749
681,1,6,113.88352780000,22.50407615000,750
37,1,2,114.05524920000,22.71411879000,751
1274,1,3,114.05599270000,22.71111437000,751
1548,1,3,113.99360900000,22.74450970000,752
1926,1,3,114.06222290000,22.57712159000,753
1848,3,5,114.05375970000,22.57958843000,754
546,4,7,114.05167620000,22.57835125000,754
1435,9,7,114.05251530000,22.57629497000,754
772,1,9,114.21778220000,22.64129845000,755
801,1,8,114.25740010000,22.71075833000,756
319,1,2,114.36161780000,22.68870689000,757
173,7,5,114.28340690000,22.66229613000,758
1284,6,6,114.28460090000,22.66297239000,758
1554,1,5,113.86873420000,22.77005729000,759
304,6,6,113.86893070000,22.76904183000,759
899,1,6,114.11096860000,22.60593957000,760
1720,1,6,114.11277420000,22.60882254000,760
1415,1,5,113.89063310000,22.58145324000,761
1843,7,6,114.05296620000,22.66152243000,762
157,3,8,114.05288120000,22.66305025000,762
596,1,6,113.91739490000,22.69358232000,763
1747,1,5,113.88681210000,22.72240779000,764
1040,6,6,113.88525900000,22.72555118000,764
897,1,7,113.88992630000,22.72528013000,764
167,1,6,114.11025040000,22.62251446000,765
1534,15,6,114.10831360000,22.62309205000,765
186,9,6,114.23608420000,22.55783509000,766
1650,19,6,114.23806490000,22.55933955000,766
601,1,5,113.85633690000,22.74696049000,767
1768,1,10,113.85900100000,22.74431409000,767
613,13,5,113.81024290000,22.73070417000,768
1820,3,6,113.81193560000,22.72608759000,768
396,4,7,113.81102840000,22.72385255000,768
422,1,4,114.05491540000,22.68740120000,769
498,9,5,113.92386490000,22.57215100000,770
1786,7,7,113.92390460000,22.57596855000,770
1767,1,6,114.03799280000,22.54385352000,771
734,1,7,114.03474160000,22.54501309000,771
886,1,8,114.21906630000,22.62642335000,772
1870,4,6,113.93553460000,22.68900164000,773
1410,9,7,113.93651970000,22.68568476000,773
712,1,8,113.93327620000,22.68608808000,773
1067,1,6,113.87743040000,22.81358574000,774
413,1,7,114.01892240000,22.74761867000,775
1205,1,5,114.02329800000,22.52682045000,776
1872,1,3,113.93815210000,22.72788680000,777
1413,1,6,113.91396550000,22.48939267000,778
216,1,6,113.91705170000,22.49253312000,778
1314,9,6,113.87162750000,22.75540599000,779
1222,13,6,113.86959480000,22.75569578000,779
33,9,7,113.87115950000,22.75727293000,779
1409,1,6,113.83077980000,22.79316594000,780
927,1,8,113.89992800000,22.80795461000,781
1313,1,3,113.92157970000,22.60903599000,782
1426,1,3,114.22934400000,22.72458386000,783
873,1,6,114.03516840000,22.64325826000,784
1324,1,6,114.03861220000,22.64430002000,784
1817,1,6,114.03433380000,22.64680058000,784
149,1,6,114.35413120000,22.75877108000,785
1830,1,8,114.35594000000,22.76144650000,785
854,1,5,113.97004060000,22.55899902000,786
1357,1,6,114.01809660000,22.54359192000,787
303,1,8,114.14666650000,22.65385368000,788
604,1,3,113.93235600000,22.56162924000,789
108,1,8,114.03980460000,22.69945295000,790
867,1,8,114.04313930000,22.69757614000,790
1130,1,5,114.28504180000,22.68865090000,791
1327,1,6,114.28119490000,22.69168123000,791
378,1,6,114.41073320000,22.62885294000,792
4,1,5,113.95148080000,22.57933839000,793
1056,3,5,113.95277940000,22.58039928000,793
1689,9,5,113.95064310000,22.58132407000,793
525,1,5,114.04849840000,22.62211213000,794
1716,1,5,113.89667000000,22.77535293000,795
1123,7,5,113.89606790000,22.77012362000,795
1036,9,6,113.89357080000,22.77109507000,795
74,6,7,113.89602180000,22.77132323000,795
1149,1,7,113.84038150000,22.61457115000,796
1889,3,5,114.00797910000,22.60133834000,797
387,6,7,114.00612580000,22.59892720000,797
1378,1,7,114.31443540000,22.67225250000,798
1233,1,5,113.94159580000,22.53640187000,799
30,7,5,113.93959960000,22.53336182000,799
1486,9,5,113.94251590000,22.53094936000,799
676,4,6,113.94199840000,22.53357824000,799
1518,1,3,113.85423510000,22.71577031000,800
511,1,6,114.48755280000,22.53501616000,801
1351,9,6,114.06103190000,22.71362000000,802
450,10,6,114.06304640000,22.71206464000,802
1365,10,6,114.06184150000,22.71000583000,802
1959,1,5,113.88414900000,22.54593081000,803
610,3,5,113.88187090000,22.54714639000,803
1359,6,6,113.88139010000,22.54913894000,803
1663,1,5,114.21467480000,22.70297441000,804
165,6,6,114.21644800000,22.70205351000,804
507,7,6,114.21702720000,22.69866196000,804
1882,9,6,114.21619580000,22.69853815000,804
243,1,3,113.88813370000,22.46708487000,805
773,3,5,113.93977570000,22.76440181000,806
1884,4,6,113.94229440000,22.76395414000,806
317,1,8,113.94378540000,22.76117905000,806
398,7,6,114.35336940000,22.67641578000,807
1691,1,3,113.86481790000,22.81262019000,808
40,12,5,114.14226940000,22.60791832000,809
1021,16,5,114.14119700000,22.60549592000,809
655,4,6,114.14070180000,22.60441027000,809
1273,15,6,114.14308960000,22.60574701000,809
295,3,5,113.88728230000,22.71167791000,810
598,1,3,114.10921490000,22.69924452000,811
1441,1,8,114.10449570000,22.69718830000,811
1334,3,6,114.28353160000,22.72938315000,812
633,10,7,114.28272420000,22.72913529000,812
292,1,6,114.23914500000,22.60466459000,813
1353,12,7,114.24008190000,22.60401988000,813
169,1,7,114.51052500000,22.64360625000,814
958,1,7,114.17932780000,22.63882801000,815
1127,1,12,113.92475000000,22.75002473000,816
1400,10,4,113.89809720000,22.55150493000,817
636,1,6,113.89785690000,22.55319581000,817
419,6,6,113.89968890000,22.55600645000,817
1632,1,8,114.36252940000,22.72891003000,818
251,1,9,114.39359440000,22.61657424000,819
129,1,5,114.42063440000,22.64119686000,820
1088,6,6,114.13615280000,22.54496138000,821
530,9,6,114.13806120000,22.54629224000,821
1119,1,3,114.36248280000,22.75343579000,822
1758,4,6,114.36080370000,22.74970419000,822
1966,1,10,114.36412210000,22.75704855000,822
1061,3,8,113.90142040000,22.51532538000,823
1471,1,6,113.86043720000,22.58680986000,824
1074,6,5,114.24734450000,22.59167890000,825
1551,3,6,114.24333710000,22.59247685000,825
383,1,4,114.02978670000,22.52268154000,826
976,7,5,114.12214810000,22.60111080000,827
1603,7,6,114.12229630000,22.60266775000,827
771,9,6,114.12468190000,22.60376540000,827
6,1,6,113.84613350000,22.76472884000,828
1260,3,6,113.84383060000,22.76712715000,828
1530,4,6,113.84134110000,22.76917116000,828
747,3,5,114.34868160000,22.70118929000,829
1510,3,6,114.08328590000,22.57238701000,830
339,10,7,114.08572870000,22.57130820000,830
776,1,3,114.21961550000,22.74636217000,831
1342,1,6,113.79471030000,22.74241702000,832
1809,1,5,114.23491500000,22.71557304000,833
1573,1,7,114.00013850000,22.66584933000,834
627,1,8,113.90648310000,22.75491946000,835
1901,1,4,113.98878180000,22.68911745000,836
1675,4,4,113.79764920000,22.69808700000,837
1585,4,7,113.80140440000,22.69790535000,837
36,6,8,113.80072260000,22.69943380000,837
128,1,4,113.87597260000,22.80667899000,838
1737,1,4,113.87619570000,22.80975109000,838
1281,1,1,114.39437770000,22.69348336000,839
513,1,7,114.07114150000,22.58481421000,840
1399,1,7,114.21079630000,22.65930324000,841
1173,1,9,113.82008760000,22.70560139000,842
486,1,10,114.29227730000,22.58310550000,843
309,16,5,114.10499780000,22.56803444000,844
1799,4,6,114.10368520000,22.56811980000,844
811,1,7,114.00871730000,22.73838093000,845
1733,1,7,114.01160550000,22.73544028000,845
775,7,5,114.31416420000,22.77510230000,846
465,1,3,113.90578430000,22.67033037000,847
936,3,7,114.28298470000,22.67126173000,848
9,4,7,114.28187950000,22.67255388000,848
290,1,5,114.35118530000,22.61022790000,849
1980,1,5,113.86867460000,22.79460203000,850
131,3,6,113.87364460000,22.79310463000,850
1466,7,6,113.87035580000,22.79178281000,850
1057,3,5,114.04202360000,22.55062703000,851
365,7,6,114.04283940000,22.54971635000,851
984,4,7,114.03938400000,22.54994492000,851
1880,4,5,114.01513010000,22.53467790000,852
39,6,6,114.01632410000,22.53712435000,852
806,6,6,114.01577250000,22.53654395000,852
1034,7,6,114.02047460000,22.53785463000,852
1097,1,9,114.03660850000,22.63274680000,853
1637,1,8,114.35606220000,22.69406645000,854
382,1,7,113.85535470000,22.57392107000,855
1261,1,4,114.07668510000,22.57433865000,856
1750,1,15,114.07310050000,22.57699427000,856
1083,1,7,114.30357780000,22.70305690000,857
71,9,5,113.85526730000,22.79763444000,858
1037,10,6,113.85346810000,22.79761472000,858
469,7,6,114.21646110000,22.55835352000,859
1356,1,5,113.93513530000,22.54354212000,860
1010,15,5,113.92335330000,22.58496019000,861
384,13,6,113.92181030000,22.58191631000,861
34,16,6,113.92221830000,22.57963711000,861
982,1,3,114.25878060000,22.57845399000,862
1220,1,7,114.36673240000,22.73473908000,863
442,1,7,114.36266580000,22.73520103000,863
963,1,3,114.25407750000,22.74234574000,864
970,1,4,114.03832560000,22.73710796000,865
1451,1,5,114.15752040000,22.57007701000,866
1188,4,5,113.97787580000,22.56564506000,867
1267,1,6,113.97485300000,22.56474889000,867
1296,1,7,114.02942450000,22.67435697000,868
817,1,7,114.16978360000,22.60198124000,869
999,6,5,114.19085850000,22.63556590000,870
1851,3,5,114.12172890000,22.54666103000,871
950,1,2,114.06381150000,22.73286583000,872
248,12,6,114.01587590000,22.61801678000,873
602,1,9,114.01722300000,22.61455649000,873
917,1,8,113.86080530000,22.75407760000,874
825,1,6,114.23534660000,22.58626292000,875
76,4,6,114.03520300000,22.55718007000,876
906,3,7,114.03769450000,22.55747019000,876
1214,1,7,114.05740090000,22.62520599000,877
1046,1,4,114.30399210000,22.68977252000,878
390,25,5,114.30236630000,22.68956842000,878
944,1,4,113.89656470000,22.76362671000,879
1953,1,3,114.12234510000,22.60760209000,880
210,1,4,114.12000380000,22.60614872000,880
24,10,6,114.22401620000,22.70156244000,881
472,13,6,114.22570650000,22.70306531000,881
1705,9,7,114.22195320000,22.70045706000,881
1259,1,8,114.02531080000,22.66369707000,882
1888,1,9,114.02426880000,22.66635229000,882
381,4,4,114.08453340000,22.55449314000,883
1076,1,3,113.96993560000,22.53011123000,884
1065,1,6,113.90205290000,22.78104849000,885
341,1,7,113.90541520000,22.78081956000,885
230,1,8,114.46990890000,22.60037592000,886
366,6,7,114.03739380000,22.57578613000,887
1845,1,2,114.30644800000,22.76430403000,888
1105,4,5,114.13317670000,22.54851370000,889
1257,1,6,114.13064690000,22.55142390000,889
1677,3,6,114.13106190000,22.54936063000,889
363,4,5,114.13549490000,22.56516076000,890
839,6,5,114.13403030000,22.56939717000,890
1501,1,3,114.21919360000,22.68640410000,891
674,4,5,113.91803010000,22.68796411000,892
505,1,9,113.83394150000,22.60167939000,893
1232,1,4,113.91698010000,22.73931425000,894
843,1,9,114.31385170000,22.66510718000,895
118,3,7,114.05748060000,22.53699791000,896
1873,3,7,114.05723890000,22.53577436000,896
1417,1,7,114.31028970000,22.60643551000,897
425,1,9,113.77940050000,22.71257294000,898
1850,3,7,114.04081530000,22.52422319000,899
1239,4,7,114.03881780000,22.52231774000,899
1108,1,4,113.88957570000,22.80671205000,900
372,1,8,113.89113340000,22.80577982000,900
229,3,6,114.02807470000,22.56038858000,901
698,7,6,114.02400840000,22.55939642000,901
1020,1,7,114.02725370000,22.55570911000,901
1803,1,7,114.04812530000,22.70851515000,902
1989,3,4,114.10429530000,22.54730183000,903
1231,1,5,114.10220710000,22.54197328000,903
595,6,5,114.10478100000,22.54505323000,903
49,7,5,114.10428060000,22.54226416000,903
600,7,6,114.10214680000,22.54561602000,903
1958,3,7,114.10481410000,22.54348535000,903
1476,1,5,114.11722240000,22.59546438000,904
2,3,5,114.11943660000,22.59210305000,904
759,3,6,114.11911010000,22.59175575000,904
1106,1,9,114.08786300000,22.62720595000,905
307,1,4,114.06101220000,22.63303021000,906
1762,21,7,114.05641540000,22.63239731000,906
1138,10,5,113.96855600000,22.69827316000,907
110,12,5,113.96998490000,22.69630070000,907
1322,7,6,113.96984220000,22.69682897000,907
483,9,6,113.96751350000,22.69571466000,907
55,3,2,113.93873690000,22.76682196000,908
694,4,7,113.93500720000,22.76731932000,908
1672,1,7,114.12092470000,22.66358533000,909
1162,4,4,114.05865900000,22.54400765000,910
1112,10,6,113.98167900000,22.72850334000,911
1708,1,7,113.86627130000,22.81957744000,912
1440,1,6,114.38701850000,22.74113540000,913
1557,1,6,114.36553750000,22.71653167000,914
907,1,6,114.12867800000,22.56061647000,915
1448,3,6,113.91679870000,22.55680680000,916
402,12,6,113.91659260000,22.56003571000,916
482,1,6,114.13234250000,22.59939517000,917
1537,9,7,114.13172720000,22.59915333000,917
664,1,5,113.85967630000,22.81033130000,918
1743,1,6,114.05061930000,22.67360300000,919
1172,1,4,114.14603900000,22.55984134000,920
576,6,6,113.99640750000,22.73472008000,921
1895,1,9,113.92235100000,22.53611360000,922
495,18,6,113.84712950000,22.77254999000,923
435,1,8,113.84887590000,22.76961182000,923
1506,4,6,114.12334850000,22.56924998000,924
1058,7,6,114.12300880000,22.57081943000,924
663,3,7,114.12012630000,22.57026727000,924
611,1,2,114.00914980000,22.59127621000,925
1948,1,5,114.13194410000,22.68526033000,926
1574,1,4,114.12320070000,22.57802189000,927
408,6,5,114.12112770000,22.57720163000,927
1362,6,7,114.01096730000,22.53116917000,928
894,1,6,113.90583490000,22.77099762000,929
196,10,5,114.00200240000,22.54751793000,930
1576,1,8,113.99868480000,22.54820793000,930
1132,7,7,113.98830710000,22.54733250000,931
795,1,6,113.94045050000,22.58083030000,932
1586,1,6,113.88949900000,22.78518445000,933
1320,7,6,114.10575480000,22.59821631000,934
1495,1,7,114.10728050000,22.60256458000,934
584,4,7,114.10638150000,22.59968646000,934
164,1,6,114.24772370000,22.74951701000,935
1894,1,5,113.94172950000,22.57010900000,936
187,10,6,113.90324380000,22.72744574000,937
1792,1,5,113.93329470000,22.58224165000,938
1111,1,5,113.90700470000,22.73201308000,939
324,3,5,113.98004390000,22.55948125000,940
1044,3,5,113.97660930000,22.55869836000,940
1156,4,6,114.09206170000,22.69926695000,941
1960,3,5,114.24359790000,22.58241509000,942
477,1,4,113.86377060000,22.57978804000,943
1715,1,5,113.86084050000,22.57958525000,943
197,6,7,114.22466140000,22.68177281000,944
115,9,6,114.27868850000,22.72662505000,945
1033,12,6,114.28100700000,22.72375601000,945
1699,6,7,114.27905320000,22.72767231000,945
629,1,6,114.04369660000,22.64983377000,946
1345,1,5,114.06597980000,22.55478286000,947
799,1,7,114.54205420000,22.48906859000,948
1402,1,9,113.99380530000,22.70191000000,949
1460,1,4,113.87563460000,22.78206316000,950
692,4,8,113.92718500000,22.62988075000,951
826,1,6,114.08021790000,22.53332558000,952
1593,1,7,114.30313370000,22.60521260000,953
66,15,5,114.26156200000,22.58687942000,954
902,4,6,114.26375100000,22.58307344000,954
296,1,8,113.98976320000,22.67519576000,955
711,1,7,114.15048800000,22.61391258000,956
181,1,3,113.88258020000,22.73133707000,957
1538,3,5,114.09590540000,22.56484784000,958
1919,3,6,114.09534780000,22.56683959000,958
518,4,6,114.09360840000,22.56739143000,958
757,6,6,114.09573820000,22.56492782000,958
882,6,6,114.09710320000,22.56767676000,958
1761,1,5,114.13408340000,22.58581645000,959
189,4,5,114.13206500000,22.58281188000,959
1224,1,6,114.11579970000,22.67680622000,960
1330,1,4,113.96719920000,22.57073075000,961
932,1,3,114.15045280000,22.64612288000,962
582,6,4,113.92849100000,22.52050551000,963
362,1,2,113.89785830000,22.79887797000,964
653,10,4,113.90231500000,22.79583741000,964
1700,7,5,113.90102830000,22.79713523000,964
1714,1,3,114.47211570000,22.59205114000,965
1048,1,6,114.09942530000,22.61636306000,966
1811,1,4,113.86038810000,22.78971246000,967
634,4,5,113.86180330000,22.78662540000,967
1735,1,6,114.05952640000,22.66399326000,968
1271,12,6,114.06261410000,22.66163837000,968
478,1,8,114.06055770000,22.66073944000,968
274,1,0,113.96474480000,22.58175217000,969
3,7,6,114.30404950000,22.77582958000,970
1380,10,7,114.30192730000,22.77673001000,970
508,7,5,114.11887560000,22.69922478000,971
1719,6,6,114.11942160000,22.69975821000,971
577,1,5,113.90536590000,22.57987075000,972
1338,4,3,113.93363300000,22.52550055000,973
968,21,5,114.37472000000,22.69079949000,974
77,15,6,114.37297810000,22.68853269000,974
1292,1,0,114.04063970000,22.59999180000,975
1807,1,4,114.04255360000,22.59906475000,975
527,1,3,114.04614220000,22.69132248000,976
1483,1,5,114.21580730000,22.71145938000,977
190,7,5,113.95855730000,22.70959755000,978
1299,10,6,113.95786060000,22.71067700000,978
1613,4,6,114.04305290000,22.56731939000,979
1115,1,9,114.04146130000,22.57014455000,979
68,3,4,114.30046470000,22.59594151000,980
1648,3,7,114.30223530000,22.59820115000,980
573,1,6,113.84158740000,22.63328315000,981
1597,1,6,113.97348050000,22.62434102000,982
1782,1,6,114.17455660000,22.56904314000,983
620,1,6,113.79183960000,22.71366071000,984
1779,6,4,113.84249250000,22.76193149000,985
1607,1,3,114.01893060000,22.72999684000,986
1638,6,5,114.11514880000,22.55020013000,987
466,7,5,114.11431240000,22.55086934000,987
1784,3,6,114.11079700000,22.54863969000,987
1419,1,5,114.10942370000,22.61478813000,988
1462,1,8,114.11078190000,22.61155959000,988
1602,7,5,113.93661100000,22.67894119000,989
761,3,8,113.93386220000,22.67643539000,989
1822,1,5,114.06139630000,22.61103131000,990
1077,4,7,114.01872400000,22.62287191000,991
547,1,7,114.13031800000,22.63037947000,992
1499,3,7,113.80505730000,22.70254052000,993
1373,1,4,114.08316770000,22.55927430000,994
1996,1,3,114.25228280000,22.71452222000,995
837,1,5,114.09986160000,22.55693538000,996
1879,1,6,114.10093690000,22.55538285000,996
139,3,6,114.09883260000,22.55722407000,996
730,4,6,114.10184770000,22.55766999000,996
1964,1,3,113.92580070000,22.69787298000,997
1718,1,6,113.92791940000,22.69422008000,997
1093,1,4,113.83197970000,22.67251880000,998
977,6,8,113.85971570000,22.72651427000,999
202,3,4,113.82965810000,22.72516813000,1000
1241,1,6,113.82811000000,22.72529919000,1000
