OID_1,Capacity,lat,long,Price
2,1,22.63004164000,113.96862620000,897291
4,1,22.74227468000,113.85287830000,762951
6,1,22.62855560000,114.43313700000,1056992
8,1,22.71030324000,114.06693110000,664104
17,1,22.49485632000,114.54100210000,1216584
25,1,22.58270328000,113.95725900000,1213902
35,1,22.61164311000,114.34493520000,1306445
37,1,22.53158021000,114.50960380000,730580
38,1,22.71669352000,114.24751270000,559776
44,1,22.69469437000,113.92286960000,999870
55,1,22.60150689000,114.30663610000,1276382
56,1,22.72458829000,114.03056000000,1270308
60,1,22.65033074000,114.51356690000,1242504
72,1,22.68512797000,114.28108140000,541755
79,1,22.74822005000,114.21321520000,719739
80,1,22.70813761000,114.34920440000,728156
81,1,22.57210000000,114.48780430000,805322
108,1,22.74964726000,114.40597280000,948752
117,1,22.66952477000,114.34636560000,643416
121,1,22.74332592000,114.24723980000,1326780
133,1,22.60197128000,114.16079520000,957174
137,1,22.78347339000,113.86329160000,773025
139,1,22.68777839000,114.35382810000,677160
142,1,22.78336177000,113.82625620000,951345
143,1,22.75703773000,113.94507280000,459285
147,1,22.65634810000,114.15282940000,1270758
150,1,22.76447929000,113.91066410000,711900
151,1,22.54628175000,113.89186650000,512415
156,1,22.79799438000,114.33001580000,1171368
157,1,22.64134132000,114.22592480000,889840
170,1,22.65086843000,114.03874360000,620840
177,1,22.67131472000,113.76458460000,1263920
178,1,22.73071888000,114.01358800000,869538
181,1,22.74123688000,113.93705250000,601216
184,1,22.71817642000,113.84540370000,1250486
188,1,22.69343354000,114.40117990000,573553
194,1,22.80163876000,113.83333300000,846653
196,1,22.47161056000,113.89422230000,1133028
198,1,22.70959186000,113.83476270000,705820
207,1,22.66483024000,113.86474220000,1159690
214,1,22.69314260000,114.00224440000,881322
218,1,22.69449135000,114.05153480000,1292616
219,1,22.72903088000,114.23389610000,495840
230,1,22.59221230000,113.92874520000,809358
233,1,22.79706448000,113.88308570000,1062330
241,1,22.77520683000,114.40510740000,618146
244,1,22.63621566000,114.02716270000,1178568
249,1,22.58892502000,114.29148180000,1226448
255,1,22.70908286000,114.23512960000,934177
261,1,22.69627422000,114.34244920000,1075375
263,1,22.66784704000,114.12492630000,1162035
272,1,22.80842361000,113.87092780000,1253875
280,1,22.75600408000,114.38902360000,1367960
281,1,22.63301435000,114.12602180000,713868
282,1,22.69911255000,114.11438590000,1196580
283,1,22.74934921000,113.90357350000,741048
285,1,22.63560027000,114.06511310000,528003
286,1,22.70672768000,114.03997780000,732292
287,1,22.70474565000,114.36486280000,801780
297,1,22.67930859000,113.77883050000,863664
298,1,22.64339303000,114.21130130000,1133160
304,1,22.72266366000,114.27740860000,1180641
305,1,22.74994740000,114.26882220000,884225
314,1,22.62132675000,113.85405670000,923886
347,1,22.60025679000,114.17689580000,561366
353,1,22.58454823000,114.07706940000,686994
355,1,22.78896473000,114.32672930000,721424
359,1,22.64049539000,113.91795210000,1045568
360,1,22.52547572000,114.48658190000,966450
364,1,22.65124861000,114.20659740000,1233543
372,1,22.69908167000,114.22767350000,974142
385,1,22.75180357000,113.93100810000,1144225
387,1,22.53713707000,114.49589430000,1264834
391,1,22.70703794000,113.78223540000,1050420
392,1,22.63225643000,113.86298060000,924600
395,1,22.67235182000,113.92184660000,1104840
418,1,22.78087983000,113.81308110000,1142508
427,1,22.64686208000,114.15614880000,700060
434,1,22.66377330000,113.98877250000,834948
440,1,22.69560480000,113.99374080000,567088
456,1,22.78145630000,113.91420890000,672804
460,1,22.59012776000,113.88919210000,634095
472,1,22.73805887000,114.28906180000,1001824
478,1,22.73062758000,114.30515190000,1000355
480,1,22.65497428000,114.24205520000,1062768
483,1,22.73364824000,114.04913430000,1315980
503,1,22.66249030000,113.91866950000,1110708
507,1,22.71088623000,114.11163170000,834526
512,1,22.53714623000,113.93704250000,680560
527,1,22.65012515000,114.09991560000,946770
537,1,22.54983022000,113.97058890000,1222122
540,1,22.68971649000,114.30791170000,590850
541,1,22.76453241000,114.40544040000,1249500
547,1,22.75419266000,113.82069710000,600300
556,1,22.63180182000,114.03012390000,740240
557,1,22.56843849000,114.49817040000,1167740
560,1,22.51559960000,113.90902280000,1121910
564,1,22.75156799000,114.39679880000,828161
575,1,22.60277412000,114.31980280000,738438
583,1,22.56717642000,113.94890890000,1296240
590,1,22.58441702000,113.86580540000,1113365
594,1,22.75739522000,113.78864660000,1378102
606,1,22.56778933000,114.02524610000,1023876
611,1,22.66877246000,114.01963400000,500235
616,1,22.68410389000,114.00957280000,1290600
629,1,22.81945596000,113.88211790000,651400
636,1,22.76604231000,114.36604990000,750435
644,1,22.62765762000,114.06436810000,652140
649,1,22.66415043000,114.03710860000,849555
658,1,22.57413413000,113.96087530000,670640
663,1,22.75932862000,113.90153600000,555305
672,1,22.74486627000,114.27558430000,790377
678,1,22.63855059000,114.41425070000,935226
680,1,22.73397813000,114.25082910000,697038
681,1,22.70779894000,113.89829540000,1266405
684,1,22.75277193000,114.04538130000,559425
691,1,22.78563924000,114.33339450000,1085180
694,1,22.65662947000,114.20081660000,951635
695,1,22.61523669000,114.13822910000,1289074
705,1,22.68750576000,113.99539410000,941868
707,1,22.67193019000,114.12888020000,1163021
710,1,22.52638482000,114.06268780000,1411720
711,1,22.76063276000,113.92193190000,1357360
716,1,22.62846360000,114.42454960000,905788
718,1,22.68319431000,113.94917800000,1333600
720,1,22.72462440000,113.78319020000,944460
727,1,22.59653042000,113.87902270000,1420160
730,1,22.70860227000,114.12161010000,1200992
735,1,22.69894134000,114.23471280000,527328
738,1,22.56666808000,114.05475540000,831303
740,1,22.65806421000,114.04086150000,1241424
745,1,22.74194233000,113.84640760000,521504
747,1,22.63716316000,114.04184530000,529536
750,1,22.50407615000,113.88352780000,1248786
753,1,22.57712159000,114.06222290000,704007
755,1,22.64129845000,114.21778220000,718842
761,1,22.58145324000,113.89063310000,814088
763,1,22.69358232000,113.91739490000,680181
769,1,22.68740120000,114.05491540000,623580
772,1,22.62642335000,114.21906630000,1125234
775,1,22.74761867000,114.01892240000,1357824
780,1,22.79316594000,113.83077980000,593262
782,1,22.60903599000,113.92157970000,632037
783,1,22.72458386000,114.22934400000,923190
788,1,22.65385368000,114.14666650000,653352
789,1,22.56162924000,113.93235600000,1112991
792,1,22.62885294000,114.41073320000,1105290
798,1,22.67225250000,114.31443540000,1249053
800,1,22.71577031000,113.85423510000,1137390
805,1,22.46708487000,113.88813370000,882934
808,1,22.81262019000,113.86481790000,803592
814,1,22.64360625000,114.51052500000,967530
819,1,22.61657424000,114.39359440000,1243720
824,1,22.58680986000,113.86043720000,1143828
826,1,22.52268154000,114.02978670000,1129684
831,1,22.74636217000,114.21961550000,797939
832,1,22.74241702000,113.79471030000,726572
833,1,22.71557304000,114.23491500000,1267435
834,1,22.66584933000,114.00013850000,863496
836,1,22.68911745000,113.98878180000,1052905
839,1,22.69348336000,114.39437770000,1194900
841,1,22.65930324000,114.21079630000,752238
847,1,22.67033037000,113.90578430000,797800
849,1,22.61022790000,114.35118530000,673113
854,1,22.69406645000,114.35606220000,1181817
862,1,22.57845399000,114.25878060000,848232
866,1,22.57007701000,114.15752040000,877828
869,1,22.60198124000,114.16978360000,1181635
877,1,22.62520599000,114.05740090000,809150
879,1,22.76362671000,113.89656470000,894912
888,1,22.76430403000,114.30644800000,1333230
893,1,22.60167939000,113.83394150000,907642
895,1,22.66510718000,114.31385170000,565794
898,1,22.71257294000,113.77940050000,1069472
909,1,22.66358533000,114.12092470000,1141006
912,1,22.81957744000,113.86627130000,721160
913,1,22.74113540000,114.38701850000,571752
915,1,22.56061647000,114.12867800000,1241239
919,1,22.67360300000,114.05061930000,584736
920,1,22.55984134000,114.14603900000,1091304
926,1,22.68526033000,114.13194410000,967252
933,1,22.78518445000,113.88949900000,1131962
936,1,22.57010900000,113.94172950000,945525
938,1,22.58224165000,113.93329470000,852800
939,1,22.73201308000,113.90700470000,1222504
948,1,22.48906859000,114.54205420000,696739
949,1,22.70191000000,113.99380530000,503415
953,1,22.60521260000,114.30313370000,1051872
955,1,22.67519576000,113.98976320000,938898
957,1,22.73133707000,113.88258020000,1085518
961,1,22.57073075000,113.96719920000,1291248
962,1,22.64612288000,114.15045280000,1197999
965,1,22.59205114000,114.47211570000,649341
966,1,22.61636306000,114.09942530000,496080
969,1,22.58175217000,113.96474480000,1043776
976,1,22.69132248000,114.04614220000,1214772
977,1,22.71145938000,114.21580730000,871612
981,1,22.63328315000,113.84158740000,1173165
984,1,22.71366071000,113.79183960000,962136
986,1,22.72999684000,114.01893060000,1010922
990,1,22.61103131000,114.06139630000,811486
994,1,22.55927430000,114.08316770000,1198821
995,1,22.71452222000,114.25228280000,870096
998,1,22.67251880000,113.83197970000,1112397
20,3,22.59383270000,113.86916830000,1436476
23,3,22.74888894000,113.91853410000,608019
26,3,22.75979014000,114.36074310000,760896
28,3,22.71229903000,113.81228440000,846009
30,3,22.48753100000,113.90663910000,1122204
34,3,22.67241295000,114.00209810000,835692
54,3,22.59444856000,114.46727760000,506625
58,3,22.61736685000,113.92051070000,629208
86,3,22.70026312000,113.79044930000,663663
87,3,22.54944389000,113.99373530000,1118695
92,3,22.56507940000,113.97149880000,839477
97,3,22.67249660000,113.91198400000,845424
114,3,22.57001282000,114.16222810000,817560
122,3,22.59919761000,113.83993730000,1250214
125,3,22.55634191000,114.55804210000,1089330
126,3,22.59551516000,114.00462080000,656697
127,3,22.74479642000,114.04994150000,1026052
138,3,22.61880880000,114.40035520000,857090
160,3,22.66684820000,114.02999190000,452355
164,3,22.49474317000,114.57690040000,1153541
192,3,22.63241271000,114.41781880000,1301860
193,3,22.56157879000,113.92050920000,1115264
199,3,22.48814980000,114.53223020000,1473160
202,3,22.75135238000,114.28372400000,573390
213,3,22.82567476000,113.86425090000,1004640
225,3,22.74005973000,114.03139230000,664297
229,3,22.59605766000,114.50229220000,1227600
237,3,22.70628610000,114.26473510000,601128
245,3,22.58446880000,113.90856830000,557488
246,3,22.50518507000,113.93043530000,796872
265,3,22.61236295000,113.88012730000,830898
273,3,22.72072576000,113.79050010000,992124
279,3,22.57055094000,113.93510460000,1382949
284,3,22.61924410000,114.15180710000,1225419
289,3,22.74568305000,113.94610990000,904905
293,3,22.65588346000,113.90806370000,898768
296,3,22.76309512000,114.23849640000,1504480
303,3,22.67738457000,114.04478410000,781196
307,3,22.80211546000,113.89273510000,606407
318,3,22.65109646000,113.82352340000,1126182
320,3,22.73835999000,114.39830740000,802318
323,3,22.74840589000,113.88850230000,953036
332,3,22.67346065000,114.20719820000,1195138
334,3,22.74874071000,113.78712580000,875664
338,3,22.48126127000,114.52540900000,1168488
357,3,22.74041881000,114.35470670000,1164768
361,3,22.69252101000,114.25195710000,1342768
371,3,22.68207025000,113.79724730000,1116850
378,3,22.66960061000,114.01251060000,1202389
381,3,22.63400409000,113.98515350000,521100
389,3,22.80127313000,113.93488810000,898156
396,3,22.60592680000,113.86804640000,975494
403,3,22.58711497000,114.47955440000,514320
406,3,22.61054379000,113.83650170000,918240
414,3,22.60127310000,113.93274810000,1211760
416,3,22.49715906000,113.88014760000,964392
419,3,22.73630744000,113.92584420000,576726
424,3,22.55978304000,114.13469340000,1341879
425,3,22.81789539000,113.87417390000,890890
426,3,22.72310990000,113.85531010000,588768
428,3,22.69650582000,114.41280620000,1119024
430,3,22.57688309000,113.84495860000,750420
431,3,22.61881648000,113.97222970000,1099315
441,3,22.70280065000,113.88831700000,756000
449,3,22.59775455000,114.02686880000,1030816
451,3,22.71192628000,114.36136850000,1248034
453,3,22.67053428000,113.79310530000,646133
455,3,22.72134663000,114.04971830000,727200
464,3,22.73843018000,113.81844810000,757440
475,3,22.58838925000,113.83839200000,838028
481,3,22.72977703000,114.08515910000,1161732
485,3,22.74116414000,113.77963000000,1045227
496,3,22.81741923000,113.83830810000,906950
497,3,22.65319931000,114.52293260000,505365
500,3,22.69594730000,113.83913010000,929880
504,3,22.69643868000,114.27066090000,1223460
505,3,22.66686081000,114.11619100000,1226082
506,3,22.53364804000,113.96442450000,831072
508,3,22.52123953000,113.94511370000,651020
510,3,22.55212083000,114.47339860000,642260
511,3,22.73531601000,113.97215740000,473970
514,3,22.67689567000,114.06769190000,730060
519,3,22.73399160000,114.24196310000,1063832
520,3,22.63921669000,113.82454790000,493344
521,3,22.55344285000,114.07630450000,1206040
522,3,22.56528493000,114.04014480000,638480
523,3,22.61088634000,113.93170050000,1435400
528,3,22.67646163000,114.01472880000,521118
529,3,22.71858552000,114.25671550000,757701
531,3,22.58507887000,114.00749930000,1213113
532,3,22.75600839000,113.84964570000,868560
533,3,22.54292441000,114.51160990000,1090368
534,3,22.73773833000,113.91090490000,1090075
536,3,22.68897935000,113.78514650000,1086645
539,3,22.72680160000,113.90896540000,1015971
546,3,22.72613882000,114.24822740000,600440
559,3,22.55799873000,113.95137330000,1361160
566,3,22.57649825000,113.93455080000,1378680
572,3,22.58864071000,114.28180290000,908778
578,3,22.76496770000,114.31250330000,933300
579,3,22.64907737000,114.21822040000,1239909
584,3,22.67988803000,114.14256350000,1068858
585,3,22.71388256000,113.79745670000,605760
595,3,22.75663067000,114.21818550000,1188075
596,3,22.75949341000,114.28968980000,940296
598,3,22.70345535000,114.33262190000,1342040
599,3,22.68354887000,114.36655480000,1023740
601,3,22.67231938000,114.03467940000,790850
610,3,22.61279607000,114.12123960000,838176
615,3,22.58870565000,113.87557980000,1302350
617,3,22.57155632000,113.86175890000,1049400
618,3,22.58744293000,113.96570330000,637500
626,3,22.50864622000,114.03618530000,1094868
637,3,22.73380776000,114.00419790000,1435278
642,3,22.63396417000,114.13540230000,500070
647,3,22.48185889000,114.51650820000,637075
648,3,22.65099043000,114.01186140000,977160
653,3,22.60869288000,114.15788790000,622915
656,3,22.66530047000,113.82668600000,953082
670,3,22.60829367000,114.24348920000,988380
674,3,22.75543252000,114.33855190000,742946
676,3,22.78389786000,113.92222230000,1055600
679,3,22.78265274000,113.94869250000,698800
687,3,22.60173099000,113.86123190000,535041
697,3,22.73625293000,113.79539630000,1129378
699,3,22.70164617000,113.91639770000,486624
712,3,22.66603443000,114.13449210000,1343718
715,3,22.74029550000,114.02377810000,632982
717,3,22.62107604000,114.11869040000,541710
721,3,22.79239129000,113.93601450000,1112000
722,3,22.65994584000,114.11569960000,1315440
725,3,22.74811872000,114.03004150000,1004270
728,3,22.64385302000,114.06568620000,939042
733,3,22.78905087000,113.88423170000,465585
734,3,22.63378122000,114.22524030000,845160
736,3,22.75496381000,113.93642440000,961620
739,3,22.59606367000,114.16535190000,660155
741,3,22.69329109000,113.95881590000,591732
743,3,22.72231059000,114.08175370000,676260
744,3,22.68064020000,113.96571040000,1096635
748,3,22.62253209000,114.04167750000,583272
752,3,22.74450970000,113.99360900000,1066881
756,3,22.71075833000,114.25740010000,841872
757,3,22.68870689000,114.36161780000,829088
774,3,22.81358574000,113.87743040000,1445613
776,3,22.52682045000,114.02329800000,1027514
777,3,22.72788680000,113.93815210000,1061276
781,3,22.80795461000,113.89992800000,546285
786,3,22.55899902000,113.97004060000,595104
787,3,22.54359192000,114.01809660000,931762
794,3,22.62211213000,114.04849840000,636994
796,3,22.61457115000,113.84038150000,531165
801,3,22.53501616000,114.48755280000,682974
815,3,22.63882801000,114.17932780000,948300
816,3,22.75002473000,113.92475000000,1285730
818,3,22.72891003000,114.36252940000,615543
820,3,22.64119686000,114.42063440000,620255
835,3,22.75491946000,113.90648310000,1056728
840,3,22.58481421000,114.07114150000,1096722
842,3,22.70560139000,113.82008760000,785180
843,3,22.58310550000,114.29227730000,634392
853,3,22.63274680000,114.03660850000,895674
855,3,22.57392107000,113.85535470000,1048002
857,3,22.70305690000,114.30357780000,1334916
860,3,22.54354212000,113.93513530000,600320
864,3,22.74234574000,114.25407750000,462090
865,3,22.73710796000,114.03832560000,987876
868,3,22.67435697000,114.02942450000,772823
872,3,22.73286583000,114.06381150000,504048
874,3,22.75407760000,113.86080530000,1351573
875,3,22.58626292000,114.23534660000,969432
884,3,22.53011123000,113.96993560000,693308
886,3,22.60037592000,114.46990890000,896142
891,3,22.68640410000,114.21919360000,1111970
894,3,22.73931425000,113.91698010000,856704
897,3,22.60643551000,114.31028970000,673500
902,3,22.70851515000,114.04812530000,552708
905,3,22.62720595000,114.08786300000,1322208
914,3,22.71653167000,114.36553750000,1069410
918,3,22.81033130000,113.85967630000,1128833
922,3,22.53611360000,113.92235100000,926324
925,3,22.59127621000,114.00914980000,712329
929,3,22.77099762000,113.90583490000,1167950
932,3,22.58083030000,113.94045050000,965681
935,3,22.74951701000,114.24772370000,893295
946,3,22.64983377000,114.04369660000,702807
947,3,22.55478286000,114.06597980000,573800
950,3,22.78206316000,113.87563460000,1261680
952,3,22.53332558000,114.08021790000,803229
956,3,22.61391258000,114.15048800000,899808
960,3,22.67680622000,114.11579970000,1052940
972,3,22.57987075000,113.90536590000,475875
982,3,22.62434102000,113.97348050000,871286
983,3,22.56904314000,114.17455660000,761200
992,3,22.63037947000,114.13031800000,1085586
9,3,22.53487520000,113.90829340000,877268
10,3,22.61669775000,114.03693000000,626418
12,3,22.59596208000,114.23651320000,1049792
36,3,22.55817396000,114.18319310000,1039456
40,3,22.68651171000,114.31415390000,744282
43,3,22.76195894000,113.80869980000,1253175
64,3,22.72529894000,114.09296660000,1261094
65,3,22.67637751000,114.12185270000,813975
69,3,22.63864120000,114.01834490000,1302630
75,3,22.74553954000,114.01254660000,888024
76,3,22.57777992000,114.26528910000,872625
89,3,22.81101354000,113.88483900000,769536
95,3,22.68180991000,113.98120720000,637108
96,3,22.57084405000,114.06544810000,816608
105,3,22.67844841000,113.82981660000,1011852
107,3,22.68601619000,114.06626710000,1147014
111,3,22.54079562000,114.48174000000,1075965
116,3,22.59345697000,114.18476590000,1204830
120,3,22.71435800000,114.39393620000,619680
123,3,22.62515275000,114.07654780000,1064735
130,3,22.49267264000,113.88883490000,1237896
145,3,22.73178047000,113.91580690000,930888
152,3,22.72780458000,114.05930640000,883128
158,3,22.72475814000,114.21252840000,943370
165,3,22.68866649000,114.14168980000,815675
168,3,22.65132133000,114.11306590000,783614
176,3,22.66535460000,114.23910920000,1442860
179,3,22.71543158000,114.28886050000,1410591
180,3,22.65568646000,114.00478450000,1038097
183,3,22.77964080000,114.29237670000,617861
200,3,22.60700273000,114.42590740000,689955
205,3,22.74855338000,113.79483920000,565755
206,3,22.69997714000,114.08064800000,1463760
208,3,22.64882780000,114.07244300000,909275
211,3,22.60439637000,114.32426390000,500000
234,3,22.53610772000,114.07301520000,823020
235,3,22.75272624000,113.82658410000,1264865
247,3,22.50307986000,113.86891450000,482688
262,3,22.51793372000,113.89612690000,592591
268,3,22.51042369000,114.04403010000,1268748
271,3,22.62626062000,114.01406470000,1108620
278,3,22.73982065000,114.37315570000,1421922
288,3,22.57015688000,113.87463040000,751476
290,3,22.69907369000,113.82677210000,587877
294,3,22.55403260000,114.01100270000,1247800
306,3,22.78527296000,113.90569300000,521940
308,3,22.72803226000,114.00126560000,1160838
310,3,22.60937378000,114.23531910000,806366
313,3,22.63955388000,114.08415870000,725420
316,3,22.75704442000,114.36839560000,661920
317,3,22.71040813000,114.29825520000,888894
322,3,22.77728948000,113.83521060000,1120512
324,3,22.55686737000,114.09234120000,684589
330,3,22.71648088000,114.38089790000,457005
342,3,22.58455382000,113.94305370000,1192386
345,3,22.60839755000,114.02367590000,682731
348,3,22.68109238000,114.03061770000,942450
349,3,22.70816067000,113.91076170000,683411
362,3,22.70119786000,114.02582220000,1296036
363,3,22.77301208000,113.80460560000,1233974
367,3,22.60877089000,114.09806550000,927030
369,3,22.61247265000,114.13191170000,1176186
373,3,22.60276444000,114.29818120000,659988
377,3,22.74721594000,114.38425030000,517275
380,3,22.68210734000,114.07771500000,1134648
388,3,22.56299590000,113.96254560000,1151776
394,3,22.64360118000,114.05346580000,1264640
400,3,22.76687465000,113.82757290000,817700
401,3,22.63569076000,114.42491780000,588736
402,3,22.57745346000,113.87286090000,1196370
408,3,22.58682760000,114.24551480000,748419
421,3,22.79108217000,113.89223040000,1144325
423,3,22.65620457000,114.05127360000,1004608
447,3,22.69695963000,114.07069530000,567188
448,3,22.72921063000,114.37326630000,812725
452,3,22.76591498000,113.90651740000,1286400
458,3,22.76820020000,113.91923660000,751170
461,3,22.48154320000,113.88372850000,767256
462,3,22.50520050000,113.91276260000,1060936
463,3,22.58832707000,113.95707100000,644879
467,3,22.57753579000,114.25496720000,1161584
476,3,22.53307745000,114.02099370000,688116
479,3,22.73934999000,113.94264840000,1016392
484,3,22.77613656000,113.84402450000,1151185
486,3,22.70654651000,113.95397520000,1143384
499,3,22.75671810000,113.88787110000,491985
509,3,22.55688771000,113.93655880000,568256
518,3,22.70820346000,114.13045230000,754320
524,3,22.52098472000,113.93661700000,765762
525,3,22.59655700000,114.04121300000,1367810
545,3,22.76124526000,114.32075120000,996390
550,3,22.54463128000,113.89975260000,1321320
555,3,22.59332402000,113.99781610000,899350
563,3,22.52756307000,114.07096730000,635664
565,3,22.67782678000,114.32360320000,1365188
567,3,22.65832693000,114.07466990000,976345
570,3,22.72531168000,113.83373700000,574902
571,3,22.53382191000,113.94705500000,1035706
576,3,22.67869917000,114.29936790000,1152591
582,3,22.75588524000,114.37830820000,752540
586,3,22.51106117000,113.93030110000,763715
593,3,22.71418306000,114.31392150000,912054
605,3,22.65716514000,113.99455420000,1060704
607,3,22.57814012000,114.48130310000,876798
609,3,22.73374994000,113.93167670000,734500
620,3,22.55199265000,114.07090980000,775341
638,3,22.70524286000,114.07732150000,833040
640,3,22.66305665000,114.01471480000,909900
641,3,22.73321983000,113.85517220000,721335
645,3,22.69502726000,114.32171100000,775467
660,3,22.69787035000,114.08333170000,526864
667,3,22.71690076000,114.30383860000,708720
677,3,22.53739654000,113.88912040000,682584
685,3,22.72011299000,113.85030560000,519936
700,3,22.55598372000,114.00651760000,1468623
702,3,22.60298027000,114.13345280000,536535
751,3,22.71411879000,114.05524920000,1207520
760,3,22.60593957000,114.11096860000,983070
767,3,22.74696049000,113.85633690000,1192695
771,3,22.54385352000,114.03799280000,996039
778,3,22.48939267000,113.91396550000,579942
785,3,22.75877108000,114.35413120000,938979
790,3,22.69945295000,114.03980460000,711837
791,3,22.68865090000,114.28504180000,800448
810,3,22.71167791000,113.88728230000,1049088
811,3,22.69924452000,114.10921490000,1080939
823,3,22.51532538000,113.90142040000,785519
829,3,22.70118929000,114.34868160000,1152096
838,3,22.80667899000,113.87597260000,1366360
845,3,22.73838093000,114.00871730000,1055310
856,3,22.57433865000,114.07668510000,1186416
863,3,22.73473908000,114.36673240000,880568
871,3,22.54666103000,114.12172890000,784740
880,3,22.60760209000,114.12234510000,808678
882,3,22.66369707000,114.02531080000,542880
885,3,22.78104849000,113.90205290000,1495160
900,3,22.80671205000,113.88957570000,679910
942,3,22.58241509000,114.24359790000,1373403
943,3,22.57978804000,113.86377060000,782034
975,3,22.59999180000,114.04063970000,933030
988,3,22.61478813000,114.10942370000,768775
993,3,22.70254052000,113.80505730000,578556
997,3,22.69787298000,113.92580070000,527901
14,4,22.79263871000,113.90136780000,1153138
31,4,22.65490436000,114.06445720000,941814
41,4,22.63041229000,113.84601980000,1038213
48,4,22.69082435000,114.03750510000,1046040
77,4,22.48722790000,113.92628570000,1018083
98,4,22.55304371000,113.94264830000,1079808
103,4,22.68797167000,113.94013410000,717580
135,4,22.76598871000,114.32915410000,796704
141,4,22.51773653000,114.04953290000,1183336
166,4,22.54364914000,114.04266710000,908220
175,4,22.80416164000,113.86051750000,871815
212,4,22.71384223000,114.03216650000,1402041
239,4,22.61103696000,114.11700910000,1133090
259,4,22.63733905000,114.00146400000,567525
266,4,22.67135289000,114.32851220000,1113665
274,4,22.57645726000,114.08182230000,986391
276,4,22.71739482000,113.82251340000,1162980
309,4,22.77088278000,113.94436000000,561017
311,4,22.52621558000,113.98568910000,1202172
328,4,22.54837350000,114.05030590000,1113738
333,4,22.60458662000,113.85040620000,1208795
341,4,22.68785579000,113.98378540000,1265862
346,4,22.59420024000,114.12429080000,1082084
356,4,22.54961563000,113.93077820000,1281865
365,4,22.55492223000,114.02163990000,750444
382,4,22.61050373000,114.14686890000,1037940
410,4,22.69463549000,114.28351380000,1093983
442,4,22.50486884000,114.05059030000,675048
450,4,22.58669471000,113.91445930000,999192
454,4,22.63754927000,114.03272640000,681084
487,4,22.54514773000,114.13233600000,832086
549,4,22.72416385000,114.31996580000,1269026
558,4,22.68654991000,113.92569550000,979446
574,4,22.54732311000,114.22821880000,1101464
608,4,22.57433630000,114.13512850000,780442
619,4,22.66619204000,114.32170290000,675994
651,4,22.67856240000,113.94092970000,629320
664,4,22.64186821000,114.04667170000,821184
683,4,22.74086001000,113.95222020000,1196028
701,4,22.69059239000,114.10331670000,1309840
784,4,22.64325826000,114.03516840000,597346
883,4,22.55449314000,114.08453340000,1468623
892,4,22.68796411000,113.91803010000,499125
910,4,22.54400765000,114.05865900000,820128
941,4,22.69926695000,114.09206170000,1060620
951,4,22.62988075000,113.92718500000,1077777
973,4,22.52550055000,113.93363300000,1161510
991,4,22.62287191000,114.01872400000,556830
1000,4,22.72516813000,113.82965810000,471675
21,7,22.72020294000,114.31787120000,885196
22,7,22.56292986000,114.12002560000,1024550
33,7,22.71774923000,113.89508650000,526983
45,7,22.63011280000,114.14230710000,983043
50,7,22.53736933000,114.10160380000,1319760
70,7,22.73232303000,114.27901390000,799568
101,7,22.58178721000,113.85468870000,1159040
159,7,22.63047770000,113.93197800000,1211328
169,7,22.54238400000,114.12487930000,1185522
174,7,22.54849473000,114.01110180000,1184688
187,7,22.72504131000,113.81593330000,538118
254,7,22.68073678000,113.93040620000,1045072
267,7,22.68921886000,114.12791310000,675246
301,7,22.79503735000,113.94502040000,779306
331,7,22.69455967000,114.11859740000,747868
375,7,22.64171731000,114.18765720000,998250
376,7,22.71533772000,114.09382390000,627780
415,7,22.56441558000,113.91380980000,1444716
466,7,22.76215335000,113.93654280000,1192140
477,7,22.54958485000,113.98213440000,582996
548,7,22.62437861000,113.84097040000,1288404
552,7,22.80466662000,113.86786440000,1327280
562,7,22.58738683000,114.11199230000,723051
592,7,22.57569068000,113.94211060000,1011561
622,7,22.72885792000,114.09974030000,1329588
659,7,22.70977353000,114.10083770000,1390272
673,7,22.61527902000,114.02609630000,743000
703,7,22.60251452000,114.02971760000,891960
867,7,22.56564506000,113.97787580000,453570
870,7,22.63556590000,114.19085850000,1096461
887,7,22.57578613000,114.03739380000,602642
896,7,22.53699791000,114.05748060000,1062528
921,7,22.73472008000,113.99640750000,1005129
928,7,22.53116917000,114.01096730000,755118
940,7,22.55948125000,113.98004390000,668196
944,7,22.68177281000,114.22466140000,1269108
959,7,22.58581645000,114.13408340000,860787
963,7,22.52050551000,113.92849100000,785379
967,7,22.78971246000,113.86038810000,698717
979,7,22.56731939000,114.04305290000,1194876
980,7,22.59594151000,114.30046470000,764346
985,7,22.76193149000,113.84249250000,952099
999,7,22.72651427000,113.85971570000,779700
5,8,22.53691557000,113.97359680000,705679
85,8,22.51239945000,113.92493900000,1434615
91,8,22.55227385000,114.13549180000,965312
94,8,22.57611145000,114.10821150000,1279005
128,8,22.54583536000,113.91919770000,681701
129,8,22.56455993000,114.24313270000,719095
185,8,22.59289349000,114.12831820000,784160
195,8,22.58323568000,114.11593100000,1084195
252,8,22.70807763000,114.20994450000,1228290
379,8,22.70066274000,114.13067930000,908367
390,8,22.55434867000,114.14420970000,638838
412,8,22.52991899000,113.89339400000,851500
420,8,22.68940797000,114.32940270000,987712
433,8,22.80603833000,113.83944280000,801966
446,8,22.58690043000,114.12994300000,870662
482,8,22.72284588000,113.79853270000,1314686
516,8,22.51236448000,113.91859200000,1026658
535,8,22.53336330000,113.99524550000,890300
602,8,22.71932507000,113.92599020000,1215192
603,8,22.77255353000,114.30355640000,636540
604,8,22.61886057000,114.02196700000,1135920
630,8,22.71680927000,114.35622050000,988036
639,8,22.68350161000,114.12164180000,981336
657,8,22.60151047000,114.10284400000,1302289
665,8,22.73306130000,113.88813890000,652218
693,8,22.67135060000,113.81309720000,569055
759,8,22.77005729000,113.86873420000,1244397
807,8,22.67641578000,114.35336940000,996736
822,8,22.75343579000,114.36248280000,1250588
846,8,22.77510230000,114.31416420000,1104830
848,8,22.67126173000,114.28298470000,611928
859,8,22.55835352000,114.21646110000,946925
876,8,22.55718007000,114.03520300000,633199
899,8,22.52422319000,114.04081530000,666160
904,8,22.59546438000,114.11722240000,1150996
908,8,22.76682196000,113.93873690000,1224564
927,8,22.57802189000,114.12320070000,1142939
931,8,22.54733250000,113.98830710000,1027106
15,9,22.66852381000,113.80458130000,621054
32,9,22.54087223000,114.00974360000,1293006
67,9,22.66886258000,114.22193010000,1205608
68,9,22.72981511000,113.82768750000,986400
102,9,22.73681777000,113.88703040000,750440
110,9,22.53249916000,114.05876370000,1334556
186,9,22.72512387000,114.35173520000,1368000
210,9,22.77118378000,113.86356400000,931710
222,9,22.77355168000,113.87646850000,598446
231,9,22.64747785000,114.19098310000,1181088
260,9,22.76363961000,113.85192060000,917763
422,9,22.49890379000,113.93387040000,1290470
488,9,22.79295095000,113.87618480000,531765
492,9,22.74479107000,114.35979800000,1356790
498,9,22.55806886000,114.10923810000,1315895
501,9,22.70120735000,114.09949880000,931550
538,9,22.58306622000,113.94635990000,1278683
542,9,22.53846962000,114.00696260000,656550
573,9,22.54992919000,114.06213970000,903720
591,9,22.53572640000,114.05189270000,818950
600,9,22.79067888000,113.87758010000,1285388
671,9,22.69030182000,114.34295190000,1140965
692,9,22.69510751000,113.96428250000,980192
698,9,22.78228449000,113.88305760000,597792
719,9,22.70012994000,114.31753000000,934641
764,9,22.72240779000,113.88681210000,1183616
797,9,22.60133834000,114.00797910000,879390
806,9,22.76440181000,113.93977570000,567088
825,9,22.59167890000,114.24734450000,608880
828,9,22.76472884000,113.84613350000,1135830
889,9,22.54851370000,114.13317670000,986700
13,11,22.70019117000,113.96837330000,1079761
149,11,22.58856211000,114.27172630000,514192
154,11,22.55455443000,113.98113750000,1249488
228,11,22.54286861000,113.96438600000,935480
258,11,22.67684935000,114.29081890000,1080877
291,11,22.57405691000,113.89620240000,961408
302,11,22.52627190000,114.03483270000,1021904
315,11,22.55531317000,114.04319050000,1173588
374,11,22.72773757000,114.26427980000,497430
393,11,22.49103627000,113.93166910000,999999
493,11,22.55194356000,113.92145640000,1216872
530,11,22.57173101000,114.12985990000,1178928
551,11,22.67753944000,114.30952220000,1281564
581,11,22.50061021000,113.92755890000,550062
633,11,22.63291191000,113.83366170000,1120614
635,11,22.53793854000,114.06246330000,1102360
724,11,22.57029926000,114.09055310000,525792
726,11,22.68119216000,113.97430990000,755757
762,11,22.66152243000,114.05296620000,495915
803,11,22.54593081000,113.88414900000,695134
890,11,22.56516076000,114.13549490000,775060
911,11,22.72850334000,113.98167900000,822618
917,11,22.59939517000,114.13234250000,1396842
937,11,22.72744574000,113.90324380000,1485760
989,11,22.67894119000,113.93661100000,1350400
996,11,22.55693538000,114.09986160000,512385
11,14,22.54474181000,114.06580460000,995571
18,14,22.69700052000,114.22031980000,906456
63,14,22.68364859000,114.32928120000,1078104
124,14,22.70174801000,114.28761460000,659600
148,14,22.78251295000,113.93215610000,1156470
163,14,22.59287108000,114.26249860000,1094025
257,14,22.68804049000,114.22629330000,1340469
312,14,22.69322023000,114.37329260000,783384
340,14,22.54056660000,113.95241260000,997194
370,14,22.73310871000,113.83550520000,1011600
438,14,22.56103544000,113.98531280000,1012986
439,14,22.71792127000,113.82866190000,937657
613,14,22.76793183000,113.88243660000,1178388
625,14,22.57721134000,114.09953600000,1098926
632,14,22.53494820000,113.91573430000,545712
650,14,22.55171362000,114.12669640000,821750
709,14,22.54517922000,114.07186290000,945560
723,14,22.53641136000,114.09817030000,866964
746,14,22.59484860000,114.05039170000,1200000
850,14,22.79460203000,113.86867460000,746702
901,14,22.56038858000,114.02807470000,930925
930,14,22.54751793000,114.00200240000,611020
59,15,22.77869306000,113.94394910000,545940
84,15,22.57066054000,114.13829220000,1255720
100,15,22.69478757000,114.09783060000,1315905
146,15,22.52376910000,113.91399430000,665440
215,15,22.54589324000,114.09148130000,801416
243,15,22.71988650000,114.10272810000,1072038
269,15,22.51883796000,113.92180830000,1325844
325,15,22.54932036000,113.88567870000,555472
337,15,22.53948341000,114.11349280000,821854
350,15,22.55337499000,114.12032580000,1131616
358,15,22.56528958000,113.90443650000,1118040
444,15,22.67750201000,114.30591530000,1136956
457,15,22.57428937000,114.11329820000,522420
465,15,22.52545213000,114.05582700000,626430
489,15,22.71391601000,114.27996840000,1158780
490,15,22.75687393000,113.86736050000,1025640
589,15,22.69398811000,114.33243780000,1410400
621,15,22.56843843000,113.91823860000,1231475
628,15,22.63111842000,114.01041620000,731712
706,15,22.72300151000,113.82105210000,625572
742,15,22.68548423000,114.33889990000,574640
758,15,22.66229613000,114.28340690000,1257382
793,15,22.57933839000,113.95148080000,667980
812,15,22.72938315000,114.28353160000,1394094
813,15,22.60466459000,114.23914500000,1051250
830,15,22.57238701000,114.08328590000,1461252
873,15,22.61801678000,114.01587590000,940267
934,15,22.59821631000,114.10575480000,940550
971,15,22.69922478000,114.11887560000,1098685
7,16,22.66660255000,114.28679860000,640490
49,16,22.58984621000,113.99230930000,1368630
71,16,22.78134163000,113.89312780000,612427
73,16,22.72937009000,113.79612250000,658300
132,16,22.70188376000,113.98059940000,1255178
172,16,22.78752544000,113.87149920000,742959
190,16,22.69825868000,114.32367980000,882500
203,16,22.59637715000,114.10278930000,863128
295,16,22.73620886000,113.98942510000,857324
329,16,22.73253642000,113.80735820000,1355764
344,16,22.65744553000,114.22377260000,686060
351,16,22.54846201000,114.10832550000,1306728
399,16,22.59688819000,114.11007980000,777568
405,16,22.68440914000,113.94441440000,777568
437,16,22.66862423000,114.30240760000,688240
513,16,22.56965336000,114.09576790000,1088255
597,16,22.67480048000,114.33522690000,594354
614,16,22.70606051000,114.08910340000,1340313
654,16,22.67630999000,113.99520240000,808608
689,16,22.80199630000,113.87337250000,563567
690,16,22.51905186000,113.91800580000,1030378
731,16,22.66914078000,114.31091080000,1299987
773,16,22.68900164000,113.93553460000,783405
821,16,22.54496138000,114.13615280000,1389394
837,16,22.69808700000,113.79764920000,637180
851,16,22.55062703000,114.04202360000,578934
916,16,22.55680680000,113.91679870000,882252
924,16,22.56924998000,114.12334850000,1106173
968,16,22.66399326000,114.05952640000,995328
19,18,22.70308613000,114.12615950000,939450
24,18,22.79841952000,113.86042570000,591375
153,18,22.60469621000,114.04881910000,631155
167,18,22.70340427000,113.95608250000,831182
226,18,22.70745292000,114.31600980000,845350
277,18,22.53889373000,114.08596190000,1178931
300,18,22.56394335000,114.17174130000,1166812
319,18,22.66256822000,114.06487850000,839832
352,18,22.56786856000,114.03054320000,788831
409,18,22.71756814000,114.02115540000,855708
436,18,22.54850495000,114.10248300000,682479
469,18,22.54159553000,114.09462580000,1137345
494,18,22.79091959000,113.85449790000,1288884
515,18,22.56203742000,114.15840630000,757675
627,18,22.58412415000,113.88392730000,941250
682,18,22.70150831000,114.03183200000,710577
754,18,22.57958843000,114.05375970000,972864
765,18,22.62251446000,114.11025040000,1198626
770,18,22.57215100000,113.92386490000,942906
987,18,22.55020013000,114.11514880000,656820
42,20,22.52785478000,114.04047760000,580032
119,20,22.57999628000,113.88331880000,827925
140,20,22.55553361000,114.10296010000,763525
171,20,22.57658566000,113.94789890000,1194156
201,20,22.53253681000,114.02680610000,937050
223,20,22.68692960000,113.96080130000,1059300
232,20,22.59929414000,113.98464000000,1428921
321,20,22.60760021000,114.10616970000,678672
366,20,22.55089246000,114.22472680000,1326039
495,20,22.70565195000,114.22106040000,1203264
543,20,22.72922143000,114.27411710000,814968
553,20,22.56876552000,114.24690770000,1216146
554,20,22.70353264000,113.96342080000,1193361
587,20,22.54258289000,114.10749370000,1239142
668,20,22.54922200000,114.09161620000,812525
686,20,22.77734068000,113.86676900000,847416
704,20,22.59835539000,114.00176380000,1270584
708,20,22.61256999000,114.10320370000,1233950
749,20,22.59260631000,114.26507620000,599131
817,20,22.55150493000,113.89809720000,716016
970,20,22.77582958000,114.30404950000,818180
978,20,22.70959755000,113.95855730000,616964
51,22,22.56121934000,114.03207860000,1074579
62,22,22.52943032000,113.93664850000,1150056
78,22,22.76558553000,113.83809790000,1236096
112,22,22.71955435000,113.90156150000,1221012
217,22,22.58771104000,114.25638180000,1195155
220,22,22.61654006000,114.22256240000,594252
227,22,22.49709860000,113.91763230000,1164224
368,22,22.53454229000,114.00248110000,1179252
432,22,22.59454000000,114.25677540000,758240
459,22,22.52313116000,114.04506570000,653752
491,22,22.66372012000,113.81084480000,1016199
580,22,22.60239706000,114.12743770000,900264
623,22,22.69348192000,114.12722730000,990264
624,22,22.56407266000,113.90035680000,749322
662,22,22.55657403000,113.90768400000,1310962
858,22,22.79763444000,113.85526730000,874665
923,22,22.77254999000,113.84712950000,486144
954,22,22.58687942000,114.26156200000,1287790
964,22,22.79887797000,113.89785830000,1251599
27,23,22.73744168000,113.98438570000,766370
88,23,22.79720284000,113.86499220000,513200
104,23,22.58008543000,114.13081540000,581145
162,23,22.62003586000,114.03050190000,869928
173,23,22.66368710000,114.05583190000,652400
204,23,22.68899235000,114.29597730000,1197312
224,23,22.57556408000,114.05790460000,617418
250,23,22.58226338000,113.87440930000,1188144
251,23,22.66839408000,114.27925080000,1129740
335,23,22.67006742000,114.21476300000,1222720
397,23,22.80055712000,113.90458360000,669627
435,23,22.48956803000,113.92116850000,662400
443,23,22.69534430000,114.29565730000,1266055
502,23,22.78458004000,113.85537030000,718410
588,23,22.73376795000,113.82820470000,718152
652,23,22.76205659000,113.89164270000,518738
768,23,22.73070417000,113.81024290000,827075
844,23,22.56803444000,114.10499780000,1294761
74,24,22.61087320000,114.21180530000,671726
82,24,22.61812467000,114.10800450000,1286320
93,24,22.72081946000,113.93996420000,1017423
99,24,22.55898151000,113.90320640000,809725
106,24,22.60364925000,114.03214670000,614176
216,24,22.67975800000,114.34033520000,1087728
248,24,22.76434466000,114.34890820000,1056030
327,24,22.55553054000,113.89485060000,583848
384,24,22.56746314000,114.11215490000,1134624
407,24,22.68461142000,114.34807040000,982462
470,24,22.70610151000,113.98065100000,845100
612,24,22.73145729000,113.82325850000,807185
799,24,22.53640187000,113.94159580000,498128
906,24,22.63303021000,114.06101220000,1049970
958,24,22.56484784000,114.09590540000,1191708
118,27,22.67023618000,114.30728880000,1185327
343,27,22.73667783000,113.89926320000,1407627
429,27,22.67589127000,113.97224200000,462390
544,27,22.52390294000,113.92341220000,959460
795,27,22.77535293000,113.89667000000,872396
804,27,22.70297441000,114.21467480000,881500
827,27,22.60111080000,114.12214810000,1337661
852,27,22.53467790000,114.01513010000,638039
3,28,22.59930781000,114.11611730000,744980
47,28,22.55590944000,114.22031980000,1067940
115,28,22.76804691000,113.89274930000,897425
256,28,22.53990409000,113.99453390000,515235
326,28,22.68904289000,113.97549260000,941160
339,28,22.52799250000,114.04934140000,1297812
634,28,22.59016070000,113.97844480000,829270
131,30,22.73057783000,113.85951500000,1182720
155,30,22.73955335000,114.36786120000,535376
238,30,22.55957429000,114.23014250000,769975
253,30,22.75095175000,114.01397280000,685672
336,30,22.56392718000,114.10115950000,801922
404,30,22.54249797000,113.91423010000,1267832
411,30,22.76057567000,113.85941290000,1265072
517,30,22.58050961000,114.10919960000,1215080
631,30,22.74001975000,113.98343990000,703032
655,30,22.63746989000,113.92755330000,1040143
661,30,22.61293956000,114.05459560000,761460
669,30,22.72585783000,113.80595910000,1352905
714,30,22.66480641000,114.21750720000,1083605
729,30,22.70437613000,114.32157460000,843150
878,30,22.68977252000,114.30399210000,656280
945,30,22.72662505000,114.27868850000,578968
1,31,22.77130579000,114.30644060000,1014687
134,31,22.69246974000,114.31229330000,1116224
161,31,22.69370504000,113.79822290000,645354
270,31,22.57481572000,114.12097360000,499110
275,31,22.70814865000,114.05820170000,504420
569,31,22.53515726000,113.97926340000,1055680
688,31,22.66603796000,114.29392220000,1171434
766,31,22.55783509000,114.23608420000,760557
903,31,22.54730183000,114.10429530000,1096260
221,34,22.62126535000,114.07185890000,524331
236,34,22.72436538000,113.97730300000,1049720
383,34,22.77649766000,114.30778430000,994868
474,34,22.56881687000,114.16749350000,1263015
643,34,22.61605202000,114.21696940000,878625
802,34,22.71362000000,114.06103190000,879444
57,35,22.74697943000,114.37123830000,1072693
136,35,22.59017166000,114.10206480000,469845
197,35,22.54692885000,114.11339220000,789768
242,35,22.72183077000,113.91752710000,1210366
292,35,22.56485170000,114.06459200000,949780
354,35,22.69505631000,113.93660900000,859525
413,35,22.75330155000,113.91521160000,735328
646,35,22.54178278000,114.08917920000,725781
713,35,22.71315916000,114.28609630000,1174190
779,35,22.75540599000,113.87162750000,1117620
189,36,22.62683087000,113.83414940000,1333160
191,36,22.72186615000,113.89611900000,753220
473,36,22.70374768000,114.04499310000,706041
577,36,22.67326189000,114.28476910000,786900
881,36,22.70156244000,114.22401620000,1157656
209,38,22.61576577000,114.05137110000,522112
46,41,22.56380177000,114.09237870000,1282174
61,41,22.60473730000,114.05733830000,508320
83,41,22.65797554000,114.02826000000,1116031
90,41,22.61047964000,114.13577870000,522720
468,41,22.60753726000,114.03950110000,629765
568,41,22.55295138000,113.97710940000,554642
974,41,22.69079949000,114.37472000000,637240
113,42,22.56662297000,114.04924510000,630853
144,42,22.53981860000,113.98744380000,716260
737,42,22.75268468000,114.00835730000,1136212
16,43,22.69048805000,114.38338010000,858245
53,43,22.56125390000,113.88936610000,480615
182,43,22.66555661000,113.81884090000,1157555
240,43,22.72061152000,113.88516320000,576688
696,43,22.56231854000,114.09845490000,892296
907,43,22.69827316000,113.96855600000,575415
445,45,22.58683717000,113.85640830000,723994
471,45,22.63151064000,114.05276240000,874920
526,45,22.67616114000,114.05594600000,1043536
386,47,22.77264868000,113.88975510000,655389
732,47,22.56366033000,114.23872130000,1093248
66,49,22.63510087000,114.04902290000,1214514
417,49,22.72906025000,114.35594610000,718865
675,50,22.59776200000,114.24821860000,640338
861,50,22.58496019000,113.92335330000,780402
29,54,22.64106038000,114.19421130000,1316016
809,54,22.60791832000,114.14226940000,615438
666,57,22.66588492000,114.27816370000,1020987
299,58,22.67571164000,113.99766510000,538720
52,61,22.75930169000,113.86610290000,844608
109,62,22.54727143000,114.07905090000,1114329
398,65,22.69279451000,113.80648360000,860868
39,68,22.57620516000,113.91873090000,1200870
264,72,22.54288065000,113.91027120000,1026720
561,72,22.71858525000,114.02543990000,1268890
